,Category,x
1313,,60303
5012,,36662
5094,,32353
986,,20285
1951,,19198
3395,oil,11887
4312,salt,11696
2694,,11385
135,,11230
3860,,10803
2420,,9775
4940,sugar,9121
1359,,8597
2465,,8565
4,,8540
3650,pepper,8287
2187,,7720
3415,olive,7376
3476,,7283
663,butter,6961
2536,juice,6875
4632,,6669
2026,garlic,6519
1809,,6377
3427,onion,6293
3627,,6057
4093,,5888
2742,lemon,5882
3477,,5544
1619,egg,5212
2150,,5156
5399,,5149
3118,,5106
5600,,4908
5546,water,4854
1236,cream,4762
1551,,4736
424,,4727
1051,clove,5868
2724,leaf,4486
1875,flour,4116
4859,,4077
3787,,4043
3713,,3936
937,chicken,3784
1954,,3780
3054,,3754
5157,,3741
1903,,3657
5504,vinegar,3643
2163,,3627
5606,,3520
89,,3432
5463,vegetable,3424
5622,wine,3366
4650,,3340
5223,tomato,3323
3979,,3297
909,cheese,3211
2647,,3107
1567,,3048
3514,,3027
1063,,2830
4349,sauce,2770
2238,,2768
1500,,2759
3574,parsley,2734
4630,,2716
5143,,2576
1722,,2542
3442,orange,2537
4433,seed,2486
611,broth,2485
5634,,2439
3108,milk,2434
3870,,2429
5449,vanilla,2354
5286,,2300
5512,,2277
2781,lime,2266
4934,,2086
1543,,2076
729,,1963
2071,ginger,1961
5172,thyme,1926
4791,,1907
1459,,1890
1971,,1890
280,,1851
2750,,1798
614,,1786
4167,rice,1770
5074,,1755
5199,,1745
3243,mustard,1727
3854,potato,1705
3183,,1703
4434,,1688
1298,,1687
2854,,1687
1981,,1686
1010,cilantro,1683
1012,cinnamon,1646
5102,,1610
4235,,1608
4486,shallot,1600
338,bean,1590
951,,1577
801,carrot,1560
2290,,1549
743,,1544
367,,1527
1282,,1522
565,bread,1516
1723,extract,1512
3626,peel,1496
1289,,1481
852,celery,1420
1062,,1404
3439,,1370
1052,,1347
321,basil,1313
2717,leaf,1310
3763,,1309
5593,,1306
3889,,1296
3128,mint,1271
2030,,1259
3999,,1254
1273,,1252
2399,ice,1249
4903,,1245
5153,,1242
2372,,1232
974,,1229
3353,,1228
1677,,1221
5700,zest,1216
1808,,1196
1311,cumin,1191
641,,1164
2477,,1154
1179,corn,1153
5132,,1140
4410,,1137
5414,,1135
4129,,1122
4982,,1122
3238,mushroom,1121
2769,,1112
2230,,1101
1595,,1099
949,chili,1087
93,almond,1084
5673,,1075
334,bay,1074
2353,honey,1073
3570,parmesan,1065
353,beef,1063
5564,wedge,1063
4850,,1060
4746,,1058
5680,yolk,1033
1466,,1031
4730,soy,1031
4189,,1019
1848,,1010
4241,rosemary,1010
4160,rib,1005
493,,991
3065,,989
5131,,987
2277,,984
3740,,977
3473,,964
4723,,961
1799,,951
3511,,951
4380,scallion,949
1384,,937
254,,935
1173,,928
1754,fat,921
4994,syrup,912
2111,,904
3593,,901
4473,sesame,899
1156,,895
4192,,884
5576,,884
17,,876
2771,,866
171,apple,864
970,chive,840
1771,fennel,839
3839,pork,830
4690,,818
244,,806
3449,oregano,801
945,chili,790
1077,coconut,790
846,cayenne,788
1175,coriander,780
5679,yogurt,778
263,bacon,771
5325,turkey,770
1007,cider,766
2484,jalapenoes,760
4871,stock,754
1094,,752
3035,mayonnaise,750
2834,,749
573,,744
4684,soda,732
3576,,729
4472,,727
1901,,726
3413,olive,725
3770,,714
3790,plum,712
342,beaten,696
946,chile,692
4828,,691
1836,,690
3371,nutmeg,688
34,,668
4257,,659
4205,,655
220,,647
289,balsamic,645
4661,,643
5533,walnut,643
3610,pea,641
3533,,638
4522,sherry,637
5487,,632
3558,paprika,630
4560,shrimp,630
4558,,626
4618,,624
1826,,620
1188,cornstarch,615
3651,peppercorn,609
3714,,609
5252,,608
2139,,607
5069,tarragon,606
1468,dill,603
4617,,601
1489,,589
1305,cucumber,577
4294,sage,576
4607,,576
2235,,570
2127,grain,556
4841,steak,552
3429,,550
3749,,550
5239,,543
4765,spinach,541
3141,,539
2988,,536
4786,,536
4685,,533
422,,526
4964,,524
922,cherry,519
4851,,513
3871,,509
4031,raisin,509
555,brandy,505
635,,505
3614,peanut,505
4701,some,501
675,buttermilk,494
2682,lamb,493
4922,,492
4143,,483
3974,,478
2734,leek,476
4747,,476
179,apricot,475
5393,,472
3369,nut,466
1829,fish,459
3619,pecan,456
4269,rum,455
5084,,455
170,apple,454
3338,,447
3592,,445
5306,,444
5599,,444
92,allspice,441
4462,,441
3995,,434
4518,,433
4893,strawberry,429
515,,425
2759,lettuce,424
5710,zucchini,424
1450,,423
210,arugula,422
1187,cornmeal,422
5611,,422
4774,,420
3615,pear,419
683,cabbage,418
4812,squash,417
2806,liqueur,415
3743,pineapple,415
1458,,413
264,,412
765,caper,411
4456,,409
4056,raspberry,406
1355,curry,403
4276,,401
4688,,400
1164,,399
4432,,398
247,avocado,397
482,,397
4515,,392
2103,goat,386
3992,,386
3529,,385
905,cheddar,383
2497,,382
3599,pastry,382
3103,,381
4307,salmon,380
751,canola,379
4409,,378
1445,,368
5543,,368
2949,mango,367
4064,raw,367
1230,cranberry,366
2962,maple,366
1279,,365
1947,,362
4619,,362
1987,,357
5245,tortilla,354
2456,,350
1347,,343
4025,radish,341
150,anise,340
441,,334
566,breadcrumb,334
3425,,330
3741,pine,330
4468,serrano,328
4758,spice,328
5345,,328
699,cake,327
921,cherry,327
4984,,326
4356,sausage,325
1456,,321
784,cardamom,320
1083,coffee,319
1138,confectionery,318
2494,,317
1025,clam,315
1076,cocoa,315
4098,,314
4525,shiitake,313
1779,feta,312
5646,worcestershire,312
2840,,311
3611,peach,310
3510,,309
2559,kalamata,306
1405,,304
5583,wheat,304
2239,ham,303
3343,noodle,303
5126,,303
5138,,302
3441,orange,301
962,,300
5537,,299
3552,,298
1856,,297
4517,,297
2307,herb,296
587,brine,295
4879,,295
1290,,293
708,,292
2276,hazelnut,292
4236,root,292
4504,,288
1622,eggplant,285
358,beet,282
1161,,281
4658,,280
2135,,279
5234,,279
1531,dough,277
3211,mozzarella,277
3407,,276
5327,turmeric,275
514,,273
2368,horseradish,272
2110,,271
5152,,271
5429,,271
489,bone,268
903,cheese,268
966,chipotle,268
2429,,266
491,bone,265
1387,,265
4418,,265
4540,,265
1655,,264
3021,,262
4172,ricotta,261
983,,260
4204,,260
3705,,259
3967,pumpkin,259
1353,currant,258
2737,,256
3494,,256
4807,,256
5370,,256
5109,,255
1597,,253
3757,pistachio,252
4252,,252
1827,,249
3159,molasses,248
295,banana,247
5070,,247
3572,parmigiano,246
4109,,246
1148,,245
1925,,245
3331,,245
3044,meat,244
1003,,242
1659,,242
2284,,242
223,asparagus,240
1982,fruit,240
2385,,240
133,anchovy,238
3605,,238
4313,,238
5135,,238
5688,,238
2070,gin,237
4381,scallop,237
3712,,236
268,baguette,235
600,broccoli,235
2586,kernel,235
4435,,235
435,,234
2256,,233
3267,,233
5547,watercress,233
463,blueberry,232
2130,,231
5592,,231
714,,230
5458,veal,230
1203,,229
859,,228
4814,,228
229,,227
3278,,226
3973,,225
659,,224
462,,223
676,butternut,221
2162,,220
3013,,218
4227,romaine,217
4655,,217
959,,216
5108,,216
5672,yeast,216
605,,215
3900,,213
623,,212
3504,oyster,212
3379,oat,210
5193,,210
5366,,210
2039,gelatin,209
4680,,208
4292,saffron,205
5326,,205
2560,kale,204
4112,,204
1793,fig,203
2735,,203
1454,,202
2984,marjoram,200
4834,,200
882,champagne,199
5380,,199
3140,,196
3938,prosciutto,196
1225,cracker,195
3802,,195
5165,,195
1455,,194
1589,,194
418,,193
3131,,192
4611,,192
385,berry,191
1224,,191
2821,,191
5254,,191
425,blackberry,190
5616,,190
372,,189
4419,,189
4548,,189
4554,,189
160,,187
3575,parsnip,187
3910,,186
4386,,186
3819,pomegranate,185
2617,,184
4309,salsa,184
322,,183
2143,grapefruit,183
1155,,182
2072,ginger,182
4021,,182
4057,raspberry,182
4543,,181
1871,,180
4704,,180
417,,179
1838,,179
4963,,179
420,bitter,178
4737,,178
480,,177
2829,,177
1921,,175
2488,jam,175
4803,sprout,175
4989,,175
2113,,174
2442,,174
2890,,174
4644,,173
1498,,172
527,,171
2718,,171
1752,,169
2720,,169
813,,168
2063,giblet,167
2046,,166
2748,,166
4426,,166
1231,cranberry,165
3708,,165
3904,,165
5319,tuna,164
5481,vermouth,164
938,chickpea,163
2393,,163
3354,note,163
3256,nam,162
3457,oriental,162
3086,,161
131,anchovy,159
1296,,159
2350,,159
2438,,158
4355,sausage,158
1940,,157
2587,ketchup,157
3840,port,157
4631,slice,157
5002,tabasco,157
2744,lemongrass,156
5085,tea,156
1389,,155
3760,pita,155
836,cauliflower,154
1035,,154
2480,,153
3283,,153
3561,,153
1571,duck,152
4222,roll,152
4638,,152
316,bass,151
1976,,151
5332,turnip,151
1128,concentrate,150
4076,,150
186,,149
760,,149
4187,,149
4954,,148
2460,,146
1688,espresso,145
3271,,145
5626,wing,145
3616,,144
3957,,143
4185,,143
5400,,143
4798,,142
43,adobo,141
5519,vodka,141
1303,,140
3836,porcini,140
3950,prune,140
5034,tail,140
2231,halibut,139
4576,,139
1159,cookie,138
4499,,138
4900,,138
1493,,137
3305,,136
3628,,136
3745,,136
5667,yam,136
29,,135
928,chestnut,135
2544,,135
4068,,135
4230,,135
1529,,134
2142,grape,134
3454,,134
3538,pancetta,133
4329,sandwich,133
1839,,132
5071,tartar,132
432,blade,131
3240,mussel,131
4881,,131
1000,chuck,130
3176,monterey,130
3799,poblano,129
5222,tomatillo,129
1558,,128
1079,cod,127
1160,cookie,127
2779,lime,127
3083,,127
3279,nectar,127
4762,,127
3621,pecorino,126
4698,,126
4734,spaghetti,126
5169,,126
1084,cognac,125
2752,lentil,125
2797,linguine,125
3972,,125
4010,,125
1055,club,124
1210,couscous,124
3277,,124
4492,,124
2373,,123
4207,,123
516,,122
520,,122
1657,endive,122
3547,panko,122
4570,,122
891,chard,121
4023,radicchio,120
2093,,119
3766,,119
5211,tofu,119
5643,,119
2132,,118
2366,,118
357,beer,117
534,,117
2992,marnier,117
3638,penne,117
206,artichoke,116
4301,,116
366,,115
2807,,115
4195,,115
1253,crimini,114
2622,knife,114
4263,,114
812,cashew,113
2510,jelly,113
3764,pizza,113
1423,,112
2535,juice,112
4671,,112
1222,crabmeat,111
3135,miso,111
5502,vine,111
5558,,111
102,,110
2596,kidney,110
2825,lobster,110
5683,,110
2144,grapeseed,108
3063,melon,108
3178,montrachet,108
2192,,107
3219,muffin,107
4508,,107
745,cannellini,106
4193,,106
1005,chutney,105
2960,,105
236,,103
779,caraway,103
1109,com,103
5113,tequila,103
2546,,102
2818,liver,100
3975,,100
4446,,100
4740,,100
736,,99
2171,,99
2086,,98
2321,,98
3486,,98
5548,,98
1668,,97
3010,mascarpone,97
3390,,97
3778,,97
3927,,97
4725,sourdough,97
149,angostura,96
2126,graham,96
4843,,96
531,,95
1294,,95
3134,,95
3694,phyllo,95
5417,,95
183,arborio,94
513,,94
687,cacao,94
1219,crab,94
1293,,94
2140,grape,94
2545,,94
4157,rhubarb,94
323,basmati,93
454,blood,93
4602,,93
4633,,93
4673,,93
910,,92
4744,,92
28,,91
207,artichoke,91
292,bamboo,91
4144,,91
4223,rolled,91
5176,tied,91
5431,using,91
509,bosc,90
2335,hoisin,90
2801,link,90
4889,strained,90
1361,cutter,89
2175,grinder,89
2787,lindt,89
5462,vegetabl,89
1958,fri,88
1993,fully,88
2246,handful,88
551,brand,87
640,bun,87
3261,napa,87
1710,exces,86
2780,lima,86
3661,per,86
4066,rbol,86
4265,ruby,86
4563,shucked,86
5491,vidalia,86
1632,electric,85
2703,latin,85
2866,lump,85
3039,meal,85
39,adjustable,84
511,boston,84
990,chorizo,84
1256,crisp,84
1781,fettuccine,84
3811,polenta,84
4676,snow,84
259,back,83
4597,sirloin,83
1074,cocktail,82
1729,eye,82
3110,mill,82
492,boned,81
1550,dressing,81
2019,garbanzo,81
3191,mortar,81
4281,rye,81
679,button,80
995,choy,80
4262,rubbed,80
4592,simple,80
4869,stirred,80
5343,twist,80
55,agave,79
483,bok,79
660,butcher,79
2417,imported,79
2965,maraschino,79
3551,papaya,79
3682,pestle,79
4483,shaken,79
1089,cointreau,78
5168,three,78
1392,day,77
1843,flank,77
2388,hungarian,77
2816,littleneck,77
3997,quarter,77
4894,strawberry,77
284,ball,76
2727,leaving,76
5294,trout,76
5484,vert,76
2261,haricot,75
2712,layer,75
3847,portobello,75
157,another,74
754,cantaloupe,74
1590,dutch,74
1900,fontina,74
2005,gala,74
4015,quinoa,74
4398,scotch,74
3368,nuoc,73
4792,spring,73
4810,squar,73
5127,than,73
5525,wafer,73
5596,whiskey,73
1240,creamy,72
1352,curly,72
1835,five,72
4622,skirt,72
5685,your,72
275,baked,71
661,butt,71
1565,drumstick,71
1865,fleshed,71
1876,flower,71
2356,honeydew,71
2755,les,71
2990,marmalade,71
3735,pimiento,71
4811,square,71
5500,vinaigrette,71
310,barley,70
577,brewed,70
926,chervil,70
1920,found,70
2079,gizzard,70
2298,heirloom,70
2690,lard,70
5538,warmed,70
5635,without,70
5654,wrapper,70
1957,fresno,69
3096,middle,69
3124,mini,69
3762,pith,69
4608,sized,69
4958,sunflower,69
1245,cremini,68
1896,follow,68
2501,jasmine,68
2828,log,68
3280,nectarin,68
4919,stuffing,68
5554,wax,68
32,added,67
56,aged,67
3925,proces,67
4037,ramekin,67
4106,refrigerated,67
4613,skillet,67
4629,slender,67
2857,lowfat,66
3029,matzo,66
3089,meyer,66
3673,pernod,66
4614,skim,66
5542,wash,66
1360,cutlet,65
1395,debearded,65
1607,eastern,65
2159,greasing,65
2376,hour,65
3589,passion,65
5032,tahini,65
624,brussel,64
1560,drop,64
1625,eight,64
1985,fry,64
2922,maker,64
3683,pesto,64
4510,shaving,64
5258,towel,64
302,barbecue,63
671,butterflied,63
1833,fitted,63
2124,grade,63
2166,grenadine,63
2877,macadamia,63
2972,margarine,63
3197,most,63
3928,produce,63
4258,rounded,63
5081,tawny,63
5572,weight,63
591,brioche,62
739,candy,62
1683,escarole,62
2128,grained,62
2172,grilled,62
3048,meaty,62
3465,orzo,62
5297,truffle,62
1172,core,61
1494,disk,61
2083,glas,61
2392,husk,61
2523,jigger,61
4712,sorbet,61
5150,thickly,61
360,before,60
451,block,60
2809,list,60
4020,rabe,60
5005,table,60
2117,gorgonzola,59
2817,live,59
4907,strong,59
1036,clear,58
2721,least,58
2929,maldon,58
3161,mold,58
4280,rutabaga,58
4696,sold,58
5291,triple,58
593,brisket,57
2521,jicama,57
2822,loav,57
3853,pot,57
4080,recipelink,57
4793,springform,57
113,amaretto,56
1111,combination,56
1496,dissolved,56
2432,indian,56
2864,lukewarm,56
3055,medjool,56
4421,sec,56
4818,sriracha,56
154,anjou,55
1667,envelop,55
2195,guajillo,55
2980,marinated,55
2996,marsala,55
3485,out,55
4444,sel,55
4917,stuffed,55
5044,tamarind,55
718,calvado,54
1214,cover,54
1893,foil,54
3647,pepita,54
4127,removable,54
4928,substitute,54
5198,toast,54
1034,clean,53
2220,habanero,53
2305,hen,53
2597,kielbasa,53
2612,kirsch,53
3707,pickle,53
4008,queso,53
4759,spiced,53
400,bibb,52
1948,frenched,52
2662,kumquat,52
4487,shallow,52
5541,wasabi,52
1098,collard,51
1661,enough,51
1784,few,51
2775,like,51
4458,semolina,51
4876,stone,51
1774,fermented,50
1886,fluted,50
2241,hamburger,50
2548,juniper,50
2667,labeled,50
2891,madeira,50
3835,poppy,50
4447,seltzer,50
4721,soup,50
4732,soybean,50
4816,squid,50
5335,tuscan,50
5348,type,50
151,aniseed,49
851,celeriac,49
1135,condensed,49
1307,cultivated,49
2552,kaffir,49
2645,korean,49
4069,ready,49
4300,sake,49
5053,tangerine,49
250,away,48
1198,cottage,48
1867,fleur,48
3136,mission,48
3142,mixer,48
3706,pickl,48
5236,topping,48
276,baker,47
885,chanterelle,47
1711,excluding,47
2619,kiwi,47
3428,online,47
3496,overnight,47
3946,provence,47
109,aluminum,46
122,american,46
315,bartlett,46
1103,color,46
1186,cornish,46
1841,flameproof,46
2160,great,46
2766,lid,46
3007,masa,46
3031,maui,46
3184,morel,46
3687,petite,46
3978,purple,46
4471,serve,46
5338,twelve,46
5415,unthawed,46
5565,wedge,46
81,ale,45
132,anchovi,45
817,cassi,45
1295,crystal,45
1656,endiv,45
1795,filet,45
1874,flounder,45
3144,mixture,45
3906,preserved,45
4743,spatula,45
4905,striped,45
5411,unsulfured,45
5653,wrapped,45
710,calimyrna,44
1538,dozen,44
1670,epi,44
3079,mesclun,44
4667,smooth,44
5129,that,44
119,amber,43
842,caviar,43
1006,ciabatta,43
1991,fuji,43
1998,fusilli,43
2151,grater,43
2167,grey,43
2179,grit,43
2283,heaping,43
2470,iron,43
2815,little,43
3349,northern,43
3675,persian,43
3731,piment,43
4321,sambal,43
4441,segment,43
4538,shoot,43
4626,slab,43
4977,sushi,43
5642,wood,43
457,blossom,42
479,boil,42
1495,disposable,42
1814,fingerling,42
1864,flesh,42
3008,masala,42
4121,relish,42
4240,rose,42
4291,safflower,42
4305,salata,42
4368,savory,42
4697,sole,42
636,bulgur,41
1215,covered,41
1881,fluid,41
2287,heated,41
2591,key,41
2921,make,41
3448,orecchiette,41
3583,pasilla,41
5160,third,41
112,amaretti,40
320,basic,40
819,cast,40
1302,cube,40
2174,grind,40
2948,mandoline,40
3228,mung,40
4953,summer,40
4991,swordfish,40
5629,wiped,40
18,according,39
301,bar,39
571,breakfast,39
877,challah,39
1067,coating,39
1107,coloring,39
1349,curl,39
1368,daikon,39
2400,iceberg,39
3401,oise,39
3405,okra,39
3531,palm,39
4175,riesling,39
5061,tapioca,39
5310,tube,39
5433,usually,39
889,charcoal,38
936,chick,38
1548,dredging,38
1950,fresco,38
2155,gravy,38
2894,madra,38
2935,malt,38
3043,measuring,38
3303,neutral,38
4142,reserve,38
4237,roquefort,38
4404,scraper,38
4831,stand,38
4856,stew,38
5134,them,38
5191,tiny,38
5323,turbinado,38
393,better,37
631,buckwheat,37
1758,fava,37
1910,forest,37
2011,gallon,37
2015,garam,37
2319,hickory,37
2736,leftover,37
3388,oelek,37
4225,rolling,37
4835,starch,37
4975,surface,37
5479,vermicelli,37
5585,wheel,37
194,armagnac,36
375,bench,36
394,between,36
1344,cura,36
1934,frangelico,36
2678,lager,36
2808,liquor,36
2904,mahi,36
3391,offset,36
3662,percent,36
3827,pony,36
3861,pounded,36
4370,savoy,36
4403,scraped,36
4476,several,36
5213,together,36
138,andouille,35
413,biscuit,35
696,cajun,35
1123,compote,35
1267,crookneck,35
1345,curd,35
2813,liter,35
2878,macaroni,35
3088,mexico,35
3709,pickling,35
3748,pinot,35
3750,pinto,35
3896,premium,35
5133,their,35
82,aleppo,34
1075,coco,34
1932,framboise,34
1992,full,34
2998,marshmallow,34
3234,muscle,34
3509,pack,34
3737,pin,34
3966,pumpernickel,34
4496,shaoxing,34
4857,stewed,34
5042,tamari,34
5052,tangerin,34
5454,variety,34
178,approximately,33
355,beefsteak,33
426,blackberry,33
434,blanc,33
496,bonito,33
1139,confit,33
1730,eyed,33
1961,fried,33
2012,game,33
2073,gingersnap,33
2098,gluten,33
2173,grilling,33
2199,guava,33
3492,oven,33
3924,procedure,33
5684,young,33
172,applejack,32
774,caramel,32
1591,duty,32
1801,filling,32
2263,harissa,32
2309,herbed,32
2553,kahl,32
2698,lasagna,32
3100,mignon,32
3902,pres,32
3949,provolone,32
4179,rigatoni,32
4361,sauvignon,32
4544,shortbread,32
4867,stilton,32
5175,tie,32
5362,unavailable,32
5532,walla,32
5641,wonton,32
129,anaheim,31
143,angel,31
409,bird,31
530,bow,31
2014,gano,31
2272,have,31
2286,heat,31
2351,hominy,31
2500,jarred,31
2629,known,31
2881,mace,31
2923,making,31
3036,maytag,31
4253,roughy,31
4779,spoon,31
5636,wok,31
5705,zinfandel,31
408,bing,30
497,bonnet,30
521,bouillon,30
988,chopping,30
1243,crema,30
2676,lady,30
2699,lasagne,30
2839,loose,30
2979,marinara,30
3961,pulp,30
4162,ribbon,30
4573,sieve,30
5151,thicknes,30
5618,will,30
5,above,29
173,applesauce,29
237,attachment,29
368,bella,29
443,blender,29
475,bodi,29
637,bulk,29
1185,cornichon,29
1410,defrosted,29
1578,dulce,29
1608,easy,29
1613,edamame,29
2879,macaroon,29
3445,order,29
4261,rub,29
4566,sichuan,29
4675,snipped,29
4884,stout,29
5277,triangl,29
5351,udon,29
26,acorn,28
27,acros,28
391,best,28
512,both,28
1673,equal,28
1741,farfalle,28
1853,flattened,28
1855,flavor,28
1984,fruity,28
2052,germ,28
2119,gouda,28
2137,granul,28
2153,gratin,28
2549,just,28
3114,milliliter,28
3776,plantain,28
4130,rendered,28
5315,tubular,28
5379,unfiltered,28
5573,weighting,28
5628,winter,28
5681,york,28
175,applewood,27
317,base,27
343,beating,27
550,branch,27
625,brut,27
727,campari,27
832,catfish,27
1416,deli,27
2332,hock,27
2602,kimchi,27
2605,king,27
2640,kombu,27
2911,mail,27
3654,peppermint,27
3780,plate,27
4660,smoke,27
4739,sparerib,27
5100,tel,27
219,asiago,26
340,beard,26
387,berry,26
731,canadian,26
1004,chunky,26
1028,clarified,26
1248,creole,26
1388,dashi,26
1760,favorite,26
1804,filtered,26
1828,first,26
1849,flatbread,26
2057,ghee,26
2517,jerusalem,26
2550,kabocha,26
3132,minute,26
3272,navy,26
3951,prune,26
3989,quail,26
4011,quill,26
4128,remove,26
4183,rimmed,26
5142,thi,26
5474,vera,26
5477,verde,26
1630,elbow,25
1748,farmer,25
2058,gherkin,25
2068,gill,25
2435,individual,25
2447,inner,25
3179,moon,25
3702,picholine,25
3829,pop,25
4174,ridged,25
4448,semi,25
4682,soba,25
4757,spic,25
4833,standing,25
4952,sumac,25
5112,tentacl,25
5377,undrained,25
517,bottomed,24
785,cardboard,24
1069,cob,24
1669,epazote,24
1807,find,24
1890,focaccia,24
2114,goose,24
2262,harina,24
2469,irish,24
2758,lettuc,24
3232,muscat,24
3563,pareve,24
3800,pocket,24
3940,prosecco,24
4248,rotisserie,24
4582,silken,24
4584,silver,24
4768,spiral,24
5430,used,24
5601,whitefish,24
380,benriner,23
442,blended,23
668,buttered,23
1096,coleslaw,23
1437,depending,23
1611,eau,23
1699,evaporated,23
1746,farm,23
1877,floweret,23
2108,gochujang,23
2129,grainy,23
2338,hol,23
2623,knob,23
2837,look,23
3392,often,23
4212,rock,23
4278,rustic,23
4420,seaweed,23
4569,sid,23
4643,sliver,23
4844,steamer,23
5107,ten,23
5493,vie,23
5495,vietnamese,23
261,backbone,22
634,buffalo,22
1105,colored,22
1276,crouton,22
1426,demi,22
1457,diamond,22
1470,dillweed,22
1706,exceed,22
1905,forced,22
2227,hair,22
2245,hand,22
2556,kaiser,22
2918,major,22
3325,noir,22
3797,poached,22
3845,portion,22
4044,range,22
4303,salami,22
4354,sauerkraut,22
4512,sheep,22
4825,stacked,22
5130,thaw,22
5210,toffee,22
5266,tran,22
5342,twine,22
202,arrowroot,21
222,ask,21
330,batch,21
879,chambord,21
1194,cotija,21
1476,dip,21
1618,edible,21
1750,farro,21
1979,frosting,21
2087,glazed,21
2610,kirby,21
2790,liner,21
3072,menthe,21
3327,non,21
3493,ovenproof,21
3690,pez,21
3785,plier,21
4028,rainbow,21
4169,ricer,21
4340,sardin,21
4469,serrated,21
4868,stir,21
4929,substituted,21
5114,teriyaki,21
5293,tropical,21
5337,tweezer,21
5374,under,21
537,boysenberri,20
685,cabernet,20
719,cama,20
740,cane,20
781,carcas,20
953,chili,20
1446,dessert,20
1505,dog,20
1555,dripping,20
1579,dumpling,20
1594,dyed,20
1627,eighth,20
1883,flush,20
2081,glace,20
2944,manchego,20
3038,mcintosh,20
3068,membrane,20
3125,miniature,20
3347,nori,20
3524,page,20
3703,pick,20
4012,quinc,20
4209,robust,20
4218,roe,20
4226,roma,20
4328,sanding,20
4392,schnapp,20
4463,separately,20
398,bia,19
464,blueberry,19
855,cellophane,19
971,chive,19
1023,citru,19
1158,cooker,19
1178,corkscrew,19
1403,decorative,19
1482,direction,19
1861,flaxseed,19
2254,hanger,19
2677,ladyfinger,19
2953,manila,19
3366,null,19
3512,packaged,19
3515,packet,19
3679,perugina,19
3850,possible,19
4055,rasp,19
4140,resealable,19
4628,slaw,19
4788,spread,19
4827,stale,19
5159,thinning,19
5162,thoroughly,19
5595,whisked,19
5648,work,19
404,big,18
437,blanco,18
601,broccolini,18
621,brush,18
654,burrata,18
698,cak,18
863,ceramic,18
1182,corned,18
1237,creamed,18
1277,crown,18
1698,european,18
1761,feather,18
2194,guacamole,18
2203,guinnes,18
2537,juiced,18
2584,kept,18
2621,kneading,18
2795,lingui,18
2939,mam,18
2971,marcona,18
3041,measure,18
3042,measured,18
3077,merlot,18
3094,microplane,18
3519,paddle,18
4727,southeast,18
4753,spelt,18
4914,stuck,18
5025,taco,18
5110,tendril,18
5180,tight,18
5183,tilapia,18
5485,vertically,18
5619,william,18
63,ahi,17
525,bouquet,17
548,bran,17
957,chimney,17
1163,cool,17
1358,custard,17
1425,demerara,17
1598,earl,17
2330,hispanic,17
2695,larger,17
2920,mak,17
3030,matzoh,17
3067,membran,17
3423,on,17
3645,peperoncini,17
3920,prime,17
4051,rare,17
4170,rich,17
4357,saut,17
4735,spaghettini,17
4866,still,17
4962,super,17
5059,tapenade,17
5287,trimming,17
5296,truffl,17
5339,twenty,17
5637,won,17
476,bodied,16
887,char,16
933,chia,16
977,choice,16
1038,clementin,16
1376,dampened,16
1813,finger,16
1912,form,16
2084,glass,16
2223,haddock,16
2574,keep,16
2580,kelp,16
2886,mackerel,16
2951,mani,16
3171,monkfish,16
3525,pain,16
3557,pappardelle,16
3759,pit,16
3806,point,16
3878,praline,16
4123,remainder,16
4247,rotini,16
4379,scaled,16
4603,sixteen,16
5420,untrimmed,16
5476,verbena,16
184,arctic,15
260,backbon,15
430,blackstrap,15
545,braised,15
652,burner,15
735,candi,15
741,canela,15
772,cara,15
816,casserole,15
864,cereal,15
941,chicory,15
965,chipotl,15
1121,completely,15
1515,don,15
1653,enchilada,15
1834,fitting,15
1844,flanken,15
1911,fork,15
2101,gnocchi,15
2169,griddle,15
2355,honeycrisp,15
2473,island,15
2475,israeli,15
2714,lb,15
2916,maitake,15
2937,malted,15
2945,mandarin,15
3053,mediterranean,15
3233,muscl,15
3282,need,15
3286,needlenose,15
3489,oval,15
3753,pippin,15
3779,plat,15
3784,pliable,15
3808,poire,15
3843,porter,15
4013,quince,15
4075,recip,15
4092,rectangular,15
4124,remaining,15
4264,rubbing,15
4326,san,15
4411,seafood,15
4575,sift,15
4623,skor,15
4648,slow,15
4997,szechuan,15
5091,teardrop,15
5141,they,15
5309,tub,15
5324,turbot,15
5408,unsmoked,15
51,after,14
267,baguett,14
560,bratwurst,14
619,bruised,14
644,bundt,14
678,buttery,14
803,carton,14
1053,clover,14
1154,converted,14
1269,cros,14
1390,date,14
1479,dipping,14
1773,fenugreek,14
1822,fire,14
2080,glac,14
2107,gochugaru,14
2156,gray,14
2188,grouper,14
2213,gutted,14
2344,holland,14
2451,inside,14
2458,instruction,14
2575,keeping,14
2743,lemonade,14
2800,lining,14
2841,loosen,14
2994,marrow,14
3113,millet,14
3145,mizuna,14
3253,naan,14
3503,oxtail,14
3781,platter,14
3959,pulled,14
4050,rapini,14
4396,scooped,14
4408,scrod,14
4474,set,14
4583,silpat,14
4715,sorrel,14
4839,starter,14
5028,tagliatelle,14
5190,tin,14
5226,ton,14
5276,tri,14
5589,which,14
5598,whisky,14
5652,wrap,14
21,achiote,13
31,add,13
231,atar,13
395,beurre,13
650,burgundy,13
761,capacity,13
764,capellini,13
1048,cloth,13
1073,cockl,13
1149,containing,13
1490,discarding,13
1858,flavoring,13
2001,ga,13
2006,galangal,13
2029,garni,13
2044,gemelli,13
2905,mahimahi,13
3006,marzipan,13
3236,muscovy,13
3377,oak,13
3508,pacific,13
3717,pierced,13
3841,portabella,13
3976,pureed,13
3981,purslane,13
4177,rigate,13
4315,saltine,13
4376,scalded,13
4477,seville,13
4533,shiso,13
4862,sticky,13
4880,storage,13
5186,tim,13
5397,unripe,13
5407,unsliced,13
5459,vegan,13
5467,vein,13
5708,ziti,13
69,aji,12
127,amount,12
156,annatto,12
177,approx,12
336,bbq,12
622,brushed,12
865,cerignola,12
898,chartreuse,12
1088,coin,12
1090,cola,12
1100,colman,12
1183,cornflak,12
1202,counter,12
1274,crostini,12
1378,dandelion,12
1402,decoration,12
1427,demiglace,12
1753,fast,12
2099,glutinou,12
2120,gourmet,12
2146,gras,12
2258,hardwood,12
2267,has,12
2405,icing,12
2407,idaho,12
2490,jamaican,12
2603,kind,12
2702,latienda,12
2708,lavender,12
2833,london,12
2883,machine,12
2932,mallet,12
3032,may,12
3092,micro,12
3111,milled,12
3318,nigella,12
3505,p,12
3684,petal,12
3858,poultry,12
3886,prefer,12
3956,pudding,12
4322,sambuca,12
4393,scissor,12
4417,seasonally,12
4427,sectioned,12
4547,shortcut,12
4553,should,12
4556,shoyu,12
4594,sinew,12
4642,slit,12
4772,splash,12
4846,steel,12
4939,suet,12
5000,t,12
5049,tan,12
5120,test,12
5181,tightly,12
5233,toothpick,12
5249,tossed,12
5439,vacuum,12
5472,venison,12
114,amarillo,11
465,bluefish,11
471,boboli,11
529,boursin,11
541,braeburn,11
581,brie,11
658,bushi,11
747,canning,11
775,caramelized,11
782,carcass,11
810,case,11
884,chanterell,11
1091,colander,11
1129,concentrated,11
1170,cor,11
1233,crawfish,11
1261,crispy,11
1312,cuminseed,11
1461,dictine,11
1832,fit,11
2043,gem,11
2053,germain,11
2185,grocery,11
2205,gum,11
2217,ha,11
2302,helpful,11
2318,hibiscu,11
2476,it,11
2529,jonagold,11
2561,kalustyan,11
2568,katsuo,11
2589,kettle,11
2637,kohlrabi,11
2671,lacinato,11
2719,leafy,11
2732,leche,11
2855,lower,11
2978,marinade,11
3080,mesh,11
3192,morton,11
3264,narrow,11
3436,opened,11
3554,papery,11
3578,partially,11
3591,passover,11
3609,pattypan,11
3617,pearled,11
3622,pectin,11
3631,pekin,11
3676,persimmon,11
3692,philadelphia,11
3828,ponzu,11
3960,pullman,11
4089,reconstituted,11
4279,rustique,11
4395,scoop,11
4498,shape,11
4588,similar,11
4646,sloe,11
4955,sunchok,11
5231,too,11
5250,tostada,11
5447,valrhona,11
5478,verju,11
5530,wakame,11
5645,woody,11
5701,zested,11
111,amaranth,10
147,anglaise,10
269,baharat,10
279,bakeware,10
370,belly,10
412,biscotti,10
461,blowtorch,10
558,branzino,10
592,briquett,10
674,buttering,10
724,campanelle,10
956,chimichurri,10
1058,cluster,10
1115,comice,10
1223,crack,10
1301,cubanelle,10
1499,ditalini,10
1628,either,10
1631,elderflower,10
1745,farina,10
1764,fed,10
1860,flax,10
1986,fryer,10
2154,grating,10
2228,hake,10
2255,hanout,10
2285,hearty,10
2339,hold,10
2345,hollow,10
2378,how,10
2528,joint,10
2577,kefalotyri,10
2632,knuckle,10
2768,ligament,10
2789,lined,10
2913,maine,10
3004,marzano,10
3076,meringue,10
3225,multi,10
3252,naam,10
3285,needle,10
3337,nonreactive,10
3398,oiling,10
3458,original,10
3537,pancake,10
3657,pepperoni,10
3720,pig,10
3792,plumped,10
3848,portuguese,10
3914,pretzel,10
4137,request,10
4197,risotto,10
4238,ros,10
4246,rotelle,10
4425,second,10
4464,separator,10
4465,sercial,10
4495,shaohsing,10
4524,shiitak,10
4531,shiro,10
4651,smaller,10
4659,smithfield,10
4891,strand,10
4906,stripped,10
5083,tb,10
5177,tienda,10
5242,tortellini,10
5270,tray,10
5275,treviso,10
5392,unpasteurized,10
5571,weighing,10
33,addition,9
75,alaskan,9
95,almost,9
116,amazon,9
165,aperol,9
181,aquavit,9
187,area,9
221,aside,9
318,based,9
578,bri,9
655,burrito,9
897,charred,9
902,chayote,9
912,chef,9
943,chiffonade,9
958,chine,9
1127,con,9
1166,cooling,9
1278,crudit,9
1369,dairy,9
1383,darjeeling,9
1401,decorating,9
1443,desiccated,9
1541,drain,9
1581,dungenes,9
1606,east,9
1629,ejo,9
1660,enoki,9
1700,even,9
2000,fuyu,9
2002,gaeta,9
2131,grana,9
2145,grappa,9
2214,gyoza,9
2280,health,9
2289,heatproof,9
2304,hemp,9
2569,katsuobushi,9
2707,lavash,9
2728,lebanese,9
2814,litr,9
2844,lopez,9
2958,manual,9
3051,medallion,9
3082,mesquite,9
3206,mountain,9
3218,muenster,9
3332,nonhydrogenated,9
3373,nutritional,9
3394,oi,9
3435,open,9
3487,outside,9
3517,padano,9
3618,peasant,9
3686,petit,9
3689,peychaud,9
3825,poni,9
3844,porterhouse,9
3884,precooked,9
3901,preparedbasic,9
3935,proof,9
3958,puffed,9
4017,ra,9
4019,rabbit,9
4030,raised,9
4063,ravioli,9
4181,rim,9
4351,saucepan,9
4397,scored,9
4475,seven,9
4596,single,9
4710,soppressata,9
4804,sprouted,9
4892,straw,9
4901,stringed,9
4950,sultana,9
5072,tartlet,9
5299,trumpet,9
5395,unrefined,9
5556,waxy,9
5659,xanthan,9
5677,yield,9
50,african,8
52,again,8
62,ahead,8
265,bagel,8
347,beauty,8
440,bleached,8
547,braising,8
554,brandied,8
588,brined,8
597,brittle,8
665,buttercream,8
700,calabaza,8
704,calamari,8
716,calorie,8
825,castelvetrano,8
892,chardonnay,8
1013,cipolline,8
1022,citron,8
1093,colby,8
1116,commercial,8
1125,comt,8
1200,couli,8
1201,count,8
1244,creme,8
1287,crunchy,8
1380,danish,8
1409,defatted,8
1419,delicata,8
1420,delicate,8
1472,diluted,8
1488,discard,8
1554,drip,8
1626,eighteen,8
1687,espelette,8
1691,essencia,8
1692,essensia,8
1694,etc,8
1716,expose,8
1767,feet,8
1889,foamy,8
1902,foot,8
1944,freezer,8
1988,fudge,8
2028,garnet,8
2049,gently,8
2233,halloumi,8
2236,halvah,8
2268,hash,8
2296,heinz,8
2377,house,8
2704,latino,8
2826,local,8
3093,microgreen,8
3130,minu,8
3162,mole,8
3186,morita,8
3268,naturally,8
3281,nectarine,8
3301,neufch,8
3329,nondairy,8
3421,omit,8
3568,parma,8
3602,pat,8
3632,pekoe,8
3652,peppered,8
3664,perciatelli,8
3728,piloncillo,8
3755,piquillo,8
3815,pollen,8
3869,poussin,8
3892,preferred,8
4038,ramen,8
4039,ramp,8
4203,ro,8
4359,sautern,8
4413,sealable,8
4415,season,8
4461,separate,8
4567,sicilian,8
4714,sorghum,8
4720,souffl,8
4813,squeeze,8
4832,standard,8
4890,strainer,8
5054,tangy,8
5090,tear,8
5117,terrine,8
5227,tong,8
5229,tonic,8
5353,ultimate,8
5511,violet,8
5582,whatever,8
5640,wondra,8
5687,yuca,8
83,alfalfa,7
91,allow,7
153,anisette,7
327,basting,7
467,board,7
628,bucatini,7
648,burger,7
677,butterscotch,7
723,camembert,7
792,carnaroli,7
960,chinkiang,7
961,chioggia,7
1030,classic,7
1066,coated,7
1134,concord,7
1136,condiment,7
1145,consomm,7
1251,crescent,7
1270,crosscut,7
1412,deglet,7
1464,different,7
1508,dolce,7
1536,dowel,7
1587,dust,7
1603,easier,7
1645,emmenthal,7
1651,empty,7
1757,fatty,7
1788,fideo,7
1815,finishing,7
1857,flavorful,7
1897,following,7
1973,fromage,7
2010,gallo,7
2047,genoa,7
2092,globe,7
2136,granola,7
2168,gri,7
2197,guanciale,7
2250,handle,7
2266,harvest,7
2282,heaped,7
2288,heath,7
2316,hershey,7
2387,hummu,7
2402,iced,7
2437,indonesian,7
2620,kiwifruit,7
2726,leaved,7
2765,licorice,7
2793,lingonberry,7
2926,malaga,7
2955,manischewitz,7
2963,mara,7
3020,matcha,7
3085,method,7
3098,midori,7
3129,minted,7
3143,mixing,7
3153,moist,7
3204,moulard,7
3207,mousse,7
3227,multigrain,7
3265,nasturtium,7
3381,oatmeal,7
3418,oloroso,7
3484,our,7
3488,ouzo,7
3502,own,7
3594,pasteurized,7
3607,patti,7
3677,person,7
3710,picnic,7
3711,pico,7
3742,pineappl,7
3782,pleated,7
3791,plump,7
3838,porgy,7
3881,pre,7
3912,pressure,7
3922,problem,7
3964,pulsed,7
4090,rectangl,7
4104,refried,7
4135,reposado,7
4231,rome,7
4259,royal,7
4289,safe,7
4293,saga,7
4314,saltin,7
4323,same,7
4373,sawed,7
4484,shaker,7
4679,soak,7
4728,southern,7
4826,stainles,7
4887,straight,7
4898,strength,7
4921,sturgeon,7
4951,sum,7
4992,syrah,7
5007,tablepoon,7
5079,tatsoi,7
5101,tempeh,7
5148,thickest,7
5264,traditional,7
5375,underripe,7
5385,unhusked,7
5394,unpitted,7
5499,vin,7
5590,while,7
5594,whisk,7
5691,yuzu,7
25,acini,6
76,albacore,6
97,along,6
182,arbol,6
271,bai,6
282,balance,6
307,barilla,6
326,baster,6
332,batter,6
356,been,6
383,berger,6
473,bocconcini,6
503,bordeaux,6
590,brioch,6
602,broil,6
632,buco,6
686,cabral,6
788,carefully,6
790,caribbean,6
802,cartilage,6
840,cavatappi,6
845,cavolo,6
881,chamomile,6
978,chok,6
1024,citrusy,6
1061,coal,6
1113,combined,6
1199,cotton,6
1266,croissant,6
1299,cuban,6
1346,cure,6
1537,down,6
1552,drink,6
1570,dubonnet,6
1601,earth,6
1617,edged,6
1819,fino,6
1914,formed,6
1943,freeze,6
1990,fuis,6
2054,german,6
2064,gigante,6
2248,handheld,6
2271,havarti,6
2312,heritage,6
2328,hinged,6
2395,hydrogenated,6
2413,imitation,6
2440,infused,6
2444,ink,6
2457,instead,6
2669,labneh,6
2681,lake,6
2685,lan,6
2701,late,6
2761,level,6
2782,limeade,6
2785,limoncello,6
2804,liquefy,6
2872,luxardo,6
2873,lyche,6
2910,maifun,6
2993,marron,6
3011,maseca,6
3057,mein,6
3087,mexicana,6
3158,mojo,6
3221,mulato,6
3266,nationwide,6
3296,nero,6
3298,nest,6
3314,nib,6
3315,nice,6
3319,nine,6
3345,noor,6
3370,nutella,6
3382,oaxaca,6
3385,octopu,6
3414,olivada,6
3470,osso,6
3516,pad,6
3581,party,6
3643,pepe,6
3648,peppadew,6
3653,pepperidge,6
3665,perfect,6
3724,pilaf,6
3736,pimm,6
3768,place,6
3773,plank,6
3783,plenty,6
3855,pouch,6
3856,pouilly,6
3880,prawn,6
3919,prik,6
3968,punch,6
3986,puy,6
4049,rapid,6
4158,rhum,6
4194,rise,6
4200,ritz,6
4270,rump,6
4342,sardo,6
4390,scharffen,6
4391,schmaltz,6
4394,scon,6
4452,semidried,6
4490,shanghai,6
4528,shin,6
4552,shot,6
4557,shred,6
4647,slotted,6
4790,spreading,6
4915,studded,6
4941,sugarcane,6
4981,sweep,6
5040,tamal,6
5122,texa,6
5161,thirty,6
5238,torch,6
5273,tree,6
5303,try,6
5421,unwaxed,6
5464,vegetarian,6
5480,vermont,6
5513,virginia,6
5602,whiting,6
5678,yoghurt,6
5695,zealand,6
5703,zester,6
8,absinthe,5
9,absolut,5
45,adrianascaravan,5
73,aka,5
101,alsatian,5
125,amontillado,5
144,angelica,5
163,apart,5
176,appropriate,5
214,asafetida,5
248,avoid,5
287,balm,5
304,barberri,5
359,beetroot,5
373,beluga,5
376,benedictine,5
396,beverage,5
568,breadstick,5
576,brew,5
582,briefly,5
603,broiled,5
613,brought,5
681,buy,5
702,calabrian,5
711,call,5
756,canton,5
833,catsup,5
837,cava,5
843,caviti,5
860,centimeter,5
883,chang,5
915,chenin,5
930,chewy,5
934,chianti,5
950,chill,5
976,choi,5
1032,claw,5
1039,clementine,5
1117,common,5
1147,contain,5
1177,cork,5
1180,cornbread,5
1217,cow,5
1309,cultured,5
1340,cupsturkey,5
1372,dal,5
1430,dense,5
1433,denver,5
1474,dinner,5
1477,dipped,5
1513,domestic,5
1563,drumett,5
1610,eating,5
1650,empire,5
1713,exotic,5
1739,fan,5
1740,fancy,5
1755,fatback,5
1794,fil,5
1805,fin,5
1830,fishmonger,5
1931,fram,5
1936,frank,5
1995,fungu,5
2037,geese,5
2041,gelato,5
2056,gew,5
2061,giant,5
2091,glitter,5
2121,goya,5
2157,grease,5
2237,halve,5
2279,headnote,5
2300,hellmann,5
2349,home,5
2361,hook,5
2381,hsing,5
2382,huckleberri,5
2428,included,5
2483,jaggery,5
2485,jalapeno,5
2487,jalepe,5
2514,jerky,5
2532,jowl,5
2578,kefir,5
2599,kikkoman,5
2693,lardon,5
2696,largest,5
2700,last,5
2762,leveled,5
2788,line,5
2824,lob,5
2846,lot,5
2848,loui,5
2849,louisiana,5
2858,lox,5
2925,makroot,5
3016,mason,5
3026,mature,5
3045,meatball,5
3075,meringu,5
3090,mezcal,5
3095,microwave,5
3104,milder,5
3194,moscato,5
3226,multicolored,5
3340,nontoxic,5
3348,north,5
3360,nster,5
3396,oiled,5
3424,once,5
3555,pappadam,5
3588,passing,5
3597,pastrami,5
3600,pasture,5
3612,peak,5
3629,peeling,5
3668,perforated,5
3718,pierogi,5
3733,pimento,5
3798,poaching,5
3830,popcorn,5
3888,preferable,5
4003,quatre,5
4033,raita,5
4040,ranch,5
4072,really,5
4108,refrigerator,5
4149,restaurant,5
4151,result,5
4277,russian,5
4283,rztraminer,5
4290,safety,5
4333,santa,5
4343,saronno,5
4345,sashimi,5
4365,savoiardi,5
4372,sawdust,5
4423,seckel,5
4429,securely,5
4442,segmented,5
4494,shao,5
4502,shark,5
4511,shear,5
4581,silk,5
4586,silverskin,5
4604,sixth,5
4636,slider,5
4639,slim,5
4662,smoker,5
4666,smoky,5
4669,snack,5
4670,snail,5
4672,snapped,5
4683,sockeye,5
4745,spearmint,5
4773,splenda,5
4775,sponge,5
4854,sterilized,5
4910,strozzapreti,5
4924,styrofoam,5
4965,superpremium,5
4970,supply,5
5073,tasso,5
5139,these,5
5212,togarashi,5
5279,triangular,5
5285,trim,5
5317,tuil,5
5358,ume,5
5363,unbaked,5
5365,unblanched,5
5369,unconverted,5
5409,unsprayed,5
5527,waffle,5
5557,way,5
5580,wet,5
5630,wire,5
5658,www,5
41,adjustment,4
65,aioli,4
67,aisle,4
123,amino,4
159,antica,4
188,arepa,4
197,aromatic,4
209,artisanal,4
253,baba,4
274,bake,4
344,beaujolai,4
345,beaum,4
350,become,4
352,beech,4
363,being,4
374,ben,4
450,blis,4
477,body,4
495,boning,4
500,book,4
538,boysenberry,4
549,branca,4
579,brick,4
589,brining,4
594,brisling,4
693,caf,4
713,callebaut,4
717,calrose,4
768,capon,4
773,carambola,4
805,carving,4
826,caster,4
831,catch,4
841,cavatelli,4
853,celestial,4
856,celtic,4
870,chaat,4
923,cherrystone,4
947,chilean,4
979,cholula,4
982,choose,4
993,chow,4
999,chub,4
1027,claret,4
1114,comfort,4
1141,connecting,4
1142,connective,4
1205,couple,4
1228,craisin,4
1249,crep,4
1250,cres,4
1268,croquett,4
1281,crumble,4
1286,crunch,4
1348,curing,4
1350,curled,4
1354,curried,4
1362,cutting,4
1377,damson,4
1431,dente,4
1441,deseeded,4
1473,dim,4
1478,dipper,4
1486,disaronno,4
1512,domaine,4
1553,drinking,4
1556,drizzle,4
1557,drizzled,4
1575,dufour,4
1576,duke,4
1615,edg,4
1616,edge,4
1621,eggnog,4
1635,eliminate,4
1644,emmentaler,4
1690,essence,4
1702,ever,4
1709,except,4
1733,fajita,4
1737,family,4
1776,fernet,4
1803,filter,4
1842,flan,4
1868,flexible,4
1878,flowering,4
1895,folded,4
1916,formula,4
1965,frisee,4
1997,furikake,4
2031,garnishing,4
2055,get,4
2096,glug,4
2170,grigio,4
2177,grissini,4
2193,gruyere,4
2204,gulden,4
2218,haa,4
2224,haeng,4
2234,haloumi,4
2240,hamachi,4
2259,hardy,4
2273,hawaiian,4
2293,heering,4
2308,herbal,4
2315,herring,4
2331,hoagie,4
2343,holiday,4
2347,holly,4
2352,hon,4
2384,hull,4
2398,ibarra,4
2404,icicle,4
2416,important,4
2454,insta,4
2463,interior,4
2464,interval,4
2489,jamaica,4
2504,jeanne,4
2508,jellied,4
2525,joe,4
2526,johannisberg,4
2530,jonathan,4
2566,kasseri,4
2570,kebab,4
2634,kochujang,4
2642,konbu,4
2709,laver,4
2753,lentill,4
2783,limo,4
2796,linguica,4
2823,loavescorn,4
2927,malagueta,4
2931,malibu,4
2954,manioc,4
2961,manzanilla,4
2975,maria,4
2986,marked,4
3069,membrillo,4
3099,mie,4
3106,mildly,4
3112,miller,4
3156,moisture,4
3188,moroccan,4
3248,myer,4
3258,name,4
3335,nonpareil,4
3344,noodle,4
3351,nose,4
3434,opal,4
3438,opposite,4
3466,osetra,4
3536,pancak,4
3545,panettone,4
3564,paring,4
3582,parve,4
3635,pelvic,4
3646,peperoncino,4
3656,pepperoncini,4
3681,pesticide,4
3688,petrale,4
3697,pic,4
3721,pigeon,4
3795,pluot,4
3801,pocketles,4
3903,presentation,4
3916,prewashed,4
3937,propane,4
3943,protein,4
3985,put,4
4073,recado,4
4087,recommend,4
4088,recommended,4
4102,refreshed,4
4120,release,4
4148,rest,4
4182,rimles,4
4201,river,4
4245,rosso,4
4284,sabayon,4
4335,sanuki,4
4348,sauc,4
4363,save,4
4383,scallopini,4
4450,semiboneles,4
4453,semidry,4
4481,shak,4
4497,shap,4
4501,shard,4
4520,shepherd,4
4521,sherbet,4
4523,shichimi,4
4532,shishito,4
4692,softly,4
4702,somen,4
4724,sourc,4
4764,spin,4
4770,spirit,4
4795,sprinkl,4
4852,step,4
4858,stewing,4
4873,stockpot,4
4974,sure,4
4979,swanson,4
5004,tabil,4
5023,tablet,4
5038,taleggio,4
5057,tap,4
5099,tehina,4
5125,textured,4
5128,thanksgiving,4
5137,there,4
5158,thinned,4
5174,tia,4
5188,time,4
5196,tissue,4
5228,tongue,4
5243,tortelloni,4
5346,tying,4
5354,ultra,4
5368,uncle,4
5418,untoasted,4
5427,urfa,4
5434,usukuchi,4
5452,variation,4
5455,variou,4
5457,vary,4
5471,venise,4
5483,version,4
5514,visible,4
5579,westphalian,4
5617,wildflower,4
5625,winesap,4
5639,wonderful,4
12,acacia,3
22,acid,3
30,adam,3
37,adjoining,3
57,agen,3
68,aitchbone,3
74,alaska,3
96,aloe,3
107,alternative,3
139,andr,3
148,angle,3
169,appetizer,3
212,asadero,3
224,aspic,3
230,asti,3
240,auslese,3
243,aux,3
256,bacardi,3
299,banyul,3
306,barely,3
309,barlett,3
311,barolo,3
324,basque,3
331,baton,3
351,bee,3
378,beni,3
379,benne,3
382,berbere,3
415,bisquick,3
448,blind,3
466,boar,3
486,bolognese,3
488,bombay,3
504,borlotti,3
519,boudoir,3
559,brasato,3
572,bream,3
580,bridge,3
583,bright,3
604,broiler,3
608,brook,3
612,brother,3
615,browned,3
620,bruschetta,3
629,bucheron,3
633,budweiser,3
639,bumpy,3
646,bupound,3
689,cacha,3
691,cactu,3
707,calf,3
715,calmyrna,3
738,candlenut,3
787,careful,3
793,carnation,3
798,carpano,3
808,casarecce,3
893,charentai,3
904,cheap,3
908,chees,3
913,chefshop,3
919,chermoula,3
920,cheron,3
940,chicori,3
985,choppe,3
989,chopstick,3
996,chrysanthemum,3
1014,cipollini,3
1017,circl,3
1037,cleaver,3
1042,clip,3
1056,cluizel,3
1065,coat,3
1087,coiled,3
1102,colombian,3
1108,colossal,3
1110,comal,3
1112,combine,3
1132,conch,3
1137,cone,3
1143,consistency,3
1150,content,3
1162,cookware,3
1189,corona,3
1207,course,3
1263,cro,3
1288,crush,3
1324,cupmirin,3
1332,cupsfresh,3
1335,cupspanko,3
1374,damascu,3
1375,damp,3
1393,daz,3
1396,deboned,3
1404,decoratively,3
1415,del,3
1417,delic,3
1434,department,3
1463,diet,3
1465,digital,3
1475,dinosaur,3
1481,directed,3
1487,disc,3
1572,duckling,3
1586,durum,3
1648,empanada,3
1662,enriched,3
1681,ero,3
1708,excellent,3
1727,extremely,3
1747,farmed,3
1749,farmhouse,3
1763,feathery,3
1765,fee,3
1796,fill,3
1797,filled,3
1800,filleted,3
1817,finnan,3
1837,flake,3
1845,flap,3
1850,flatiron,3
1851,flatleaf,3
1882,fluke,3
1915,forming,3
1918,forty,3
1927,fragrant,3
1952,freshepazote,3
1983,fruitcake,3
1994,fun,3
2013,ganache,3
2040,gelatine,3
2045,generally,3
2059,ghirardelli,3
2088,glazeepi,3
2102,go,3
2134,granite,3
2149,grate,3
2165,gremolata,3
2182,groat,3
2202,guinea,3
2210,gunpowder,3
2219,haba,3
2222,haddie,3
2269,hatch,3
2281,healthy,3
2292,hedgehog,3
2311,here,3
2436,individually,3
2446,innard,3
2449,insert,3
2498,jarlsberg,3
2513,jerk,3
2540,juicy,3
2588,ketjap,3
2625,knockwurst,3
2648,kosho,3
2649,kraft,3
2711,laxmi,3
2739,legum,3
2770,lighter,3
2777,lillet,3
2832,lollo,3
2836,longhorn,3
2852,lovage,3
2859,lpound,3
2888,macoun,3
2903,mah,3
2952,manicotti,3
2970,march,3
2973,margarita,3
2995,marrowbon,3
2999,martin,3
3017,master,3
3018,mat,3
3028,matzah,3
3059,melba,3
3116,minc,3
3139,mitt,3
3147,mmel,3
3152,moderately,3
3168,monin,3
3185,morello,3
3190,mortadella,3
3212,mr,3
3251,n,3
3257,nama,3
3316,nicoise,3
3326,noise,3
3330,none,3
3336,nonpoisonou,3
3363,ntilde,3
3376,nyon,3
3383,oaxacan,3
3412,oli,3
3432,oounc,3
3437,opening,3
3452,oreo,3
3456,orgeat,3
3459,ornamental,3
3478,ounceahi,3
3491,ovaltine,3
3507,paccheri,3
3522,paella,3
3527,pair,3
3535,panca,3
3544,panela,3
3573,parsely,3
3630,pei,3
3636,pencil,3
3678,personal,3
3680,peruvian,3
3685,pete,3
3691,pheasant,3
3693,pho,3
3719,pierre,3
3727,pillsbury,3
3730,pilsner,3
3732,pimentn,3
3734,pimenton,3
3752,piping,3
3767,plac,3
3772,plane,3
3775,plant,3
3796,plymouth,3
3814,pollack,3
3817,pom,3
3832,popover,3
3874,pozole,3
3890,preference,3
3913,pretty,3
3915,prevent,3
3965,pulverized,3
4022,raclette,3
4027,ragout,3
4034,raja,3
4060,rather,3
4070,real,3
4095,redhot,3
4096,redskinned,3
4105,refrigerate,3
4125,remote,3
4154,revolving,3
4188,rinse,3
4196,riso,3
4213,rocket,3
4249,rouge,3
4254,rouille,3
4266,ruffle,3
4273,running,3
4285,sable,3
4298,saint,3
4318,salty,3
4325,samuel,3
4347,satsuma,3
4350,sauceepi,3
4375,scal,3
4378,scale,3
4382,scalloped,3
4387,scap,3
4402,scrap,3
4405,scraping,3
4414,sealing,3
4416,seasonal,3
4443,seitan,3
4482,shake,3
4509,shaver,3
4537,shoga,3
4545,shortcak,3
4577,sifter,3
4579,silan,3
4615,skimmed,3
4635,slicing,3
4681,soaking,3
4687,sofrito,3
4749,speck,3
4767,spinner,3
4823,stack,3
4836,starchy,3
4849,steeping,3
4855,stevia,3
4860,sticker,3
4886,stovetop,3
4902,stringles,3
4920,sturdy,3
4933,succotash,3
4968,suppli,3
4986,sweeter,3
4996,syrupy,3
5024,tablspoon,3
5029,taglierini,3
5033,tahitian,3
5050,tandoori,3
5051,tangelo,3
5055,tank,3
5056,tanqueray,3
5058,tape,3
5077,tasting,3
5089,teapsoon,3
5103,tempered,3
5124,texture,3
5155,think,3
5170,thumb,3
5179,tiger,3
5185,tillamook,3
5202,toasting,3
5230,tony,3
5247,tos,3
5248,toscano,3
5263,trader,3
5267,transfer,3
5268,translucent,3
5272,treated,3
5308,tuaca,3
5313,tubetti,3
5328,turn,3
5356,ultrapasteurized,3
5357,ultrathin,3
5359,umeboshi,3
5376,undiluted,3
5388,uniformly,3
5402,unshelled,3
5426,urad,3
5436,uwajimaya,3
5518,vitamin,3
5528,wagon,3
5534,want,3
5550,waterproof,3
5566,weed,3
5631,wisconsin,3
5632,wise,3
5655,wrapping,3
5671,year,3
5674,yellowfin,3
5694,zatarain,3
5706,zinger,3
15,accommodate,2
16,accompanied,2
40,adjusting,2
53,against,2
54,agar,2
64,ail,2
70,ajika,2
71,ajvar,2
72,ajwain,2
78,alcohol,2
86,alioli,2
87,aliz,2
90,alla,2
98,alongside,2
104,alternated,2
106,alternativ,2
108,although,2
140,andspicy,2
166,app,2
174,appleton,2
193,arm,2
195,armenian,2
198,around,2
205,arthur,2
208,artisan,2
211,asada,2
217,ascorbic,2
218,ascurried,2
225,assam,2
232,ateco,2
252,azul,2
257,baccal,2
270,bahn,2
278,bakery,2
293,ban,2
294,banan,2
298,banh,2
312,barquette,2
313,barramundi,2
333,bavarian,2
346,beautiful,2
348,because,2
386,berried,2
397,bevmo,2
401,biber,2
402,bibimbap,2
414,bison,2
419,bitersweet,2
431,blad,2
436,blanching,2
455,bloodline,2
458,blotted,2
468,boat,2
469,bob,2
472,bobsredmill,2
536,boy,2
542,bragg,2
570,breakage,2
575,bresaola,2
584,brighter,2
586,brinata,2
618,browning,2
626,bubble,2
638,bull,2
642,bundl,2
643,bundle,2
645,buonitalia,2
647,burdock,2
651,burn,2
657,bush,2
666,buttercrunch,2
667,buttercup,2
670,butterfinger,2
673,butterhead,2
692,caesar,2
694,cai,2
695,cajeta,2
697,cajungrocer,2
705,calamata,2
706,calendula,2
722,camellia,2
748,cannoli,2
752,cantal,2
753,cantaloup,2
769,caponata,2
770,cappelletti,2
771,capsicum,2
776,carapace,2
778,caravelle,2
794,carne,2
795,carolina,2
797,carp,2
799,carpet,2
804,carved,2
807,casaba,2
821,castellane,2
838,cavaillon,2
844,cavity,2
850,cedar,2
858,cent,2
868,ceylon,2
869,ch,2
873,chachere,2
875,chai,2
876,chain,2
878,cham,2
880,chamel,2
888,charbay,2
896,charmoula,2
899,chateaubriand,2
901,chayot,2
927,cheshire,2
929,chevre,2
931,chex,2
932,chi,2
935,chicharr,2
939,chico,2
944,chihuahua,2
964,chipolt,2
984,chopmeat,2
992,choux,2
994,chowder,2
998,chua,2
1001,chuka,2
1026,clamato,2
1029,clark,2
1044,clod,2
1046,closed,2
1047,closer,2
1057,clump,2
1059,co,2
1060,coach,2
1086,coil,2
1095,coleman,2
1097,collapsible,2
1106,colorful,2
1118,company,2
1122,composed,2
1130,concepci,2
1167,cope,2
1168,coppa,2
1169,copper,2
1174,corer,2
1184,cornflake,2
1190,corrugated,2
1192,corvina,2
1195,cotixa,2
1208,court,2
1211,couverture,2
1216,covering,2
1221,crabapple,2
1227,craft,2
1229,cran,2
1232,cranked,2
1238,creamer,2
1262,crme,2
1265,crock,2
1275,crottin,2
1297,cuarenta,2
1323,cuphazelnut,2
1328,cupsaut,2
1330,cupscorn,2
1339,cupstomato,2
1386,dartagnan,2
1397,decassi,2
1400,decorate,2
1406,deeper,2
1422,delicatessen,2
1429,dend,2
1447,dessicated,2
1451,devil,2
1460,dicing,2
1471,dilly,2
1491,discoloration,2
1492,discolored,2
1503,dodoni,2
1510,dolin,2
1519,donnie,2
1522,doone,2
1524,doppio,2
1532,doughnut,2
1549,dressed,2
1561,droste,2
1583,duo,2
1588,dusted,2
1599,earlier,2
1600,early,2
1612,edam,2
1636,elimination,2
1637,elite,2
1652,enameled,2
1665,entire,2
1666,entremet,2
1675,equatoriale,2
1678,equivalent,2
1679,equpment,2
1686,especially,2
1689,espuma,2
1701,evenly,2
1714,expensive,2
1715,explorateur,2
1717,exposed,2
1724,extracted,2
1734,falernum,2
1735,fall,2
1743,farfallini,2
1751,fashion,2
1756,fattened,2
1759,favorit,2
1766,feel,2
1775,fern,2
1777,ferrand,2
1782,fettucine,2
1785,fiber,2
1787,fiddlehead,2
1792,fifth,2
1802,filo,2
1810,finelychopped,2
1816,finn,2
1852,flatten,2
1863,fleischmann,2
1869,flor,2
1870,floral,2
1872,florida,2
1885,flut,2
1888,foam,2
1892,foie,2
1898,fondant,2
1899,fondue,2
1909,foreshank,2
1919,foster,2
1923,fourteen,2
1926,frache,2
1935,frangipane,2
1941,freekeh,2
1953,freshest,2
1966,friselle,2
1969,fritter,2
1970,frizzled,2
1974,fromfrozen,2
1975,fromprime,2
1980,frothy,2
1996,funnel,2
2004,gai,2
2008,galette,2
2017,garbage,2
2023,gargano,2
2027,garlicky,2
2033,garu,2
2051,geranium,2
2060,gianduja,2
2066,gigli,2
2076,girl,2
2078,giv,2
2082,glacier,2
2085,glassware,2
2089,glazing,2
2094,glove,2
2097,glutamate,2
2105,gobo,2
2106,gochu,2
2109,goji,2
2118,gosling,2
2122,gra,2
2123,grachai,2
2133,granita,2
2138,granular,2
2158,greased,2
2161,greater,2
2176,grinding,2
2178,gristle,2
2196,guanabana,2
2198,guar,2
2212,gut,2
2215,gyozo,2
2243,hammer,2
2253,hang,2
2257,hardcooked,2
2264,haroseth,2
2301,help,2
2306,hendrick,2
2323,highland,2
2327,hine,2
2333,hoegaarden,2
2334,hog,2
2336,hoja,2
2340,holding,2
2346,hollowed,2
2354,honeycomb,2
2357,honeyed,2
2367,hormone,2
2371,hoshi,2
2374,hotnes,2
2379,however,2
2380,href,2
2383,hudsonvalleyfoiegra,2
2390,husband,2
2411,igourmet,2
2418,in,2
2421,inchalmond,2
2439,information,2
2441,ing,2
2450,insid,2
2455,instacure,2
2468,iriko,2
2471,irregular,2
2479,ivy,2
2486,jalapeo,2
2502,jaune,2
2505,jefe,2
2506,jell,2
2516,jersey,2
2520,jiang,2
2522,jiffy,2
2527,john,2
2538,juicer,2
2539,juicing,2
2563,karo,2
2564,kasha,2
2571,kecap,2
2572,kee,2
2581,kemp,2
2583,kentucky,2
2592,kha,2
2598,kii,2
2600,killed,2
2601,kilogram,2
2609,kir,2
2627,knot,2
2631,knuckl,2
2639,komatsuna,2
2643,konriko,2
2654,krispi,2
2658,kugelhupf,2
2659,kum,2
2668,labne,2
2672,lacing,2
2683,lambic,2
2689,lapsang,2
2722,leather,2
2723,leathery,2
2733,lee,2
2741,lekvar,2
2745,lemony,2
2747,lenghtwise,2
2749,lengthway,2
2774,ligurian,2
2778,lily,2
2786,lin,2
2791,lingcod,2
2803,lint,2
2805,liquer,2
2811,litchi,2
2812,lite,2
2819,liverwurst,2
2820,lo,2
2827,lockhart,2
2830,lolla,2
2831,lollipop,2
2842,looza,2
2843,lop,2
2845,lorna,2
2862,lucqu,2
2863,luganega,2
2867,lumpfish,2
2868,lumpia,2
2876,m,2
2885,macintosh,2
2892,madeleine,2
2897,mafaldine,2
2898,maggi,2
2901,magret,2
2912,main,2
2924,makingturkey,2
2934,malpeque,2
2947,mandolin,2
2957,manto,2
2959,manufacturer,2
2964,maracuy,2
2969,marbleized,2
2985,mark,2
3014,masher,2
3019,match,2
3023,mathilde,2
3027,matza,2
3033,mayo,2
3034,mayonaise,2
3037,mche,2
3047,meatloaf,2
3074,merguez,2
3084,metaxa,2
3117,mince,2
3119,mincemeat,2
3120,mincing,2
3123,mineral,2
3137,misting,2
3148,mocha,2
3150,modelo,2
3163,momiji,2
3164,monde,2
3172,monosodium,2
3181,moonglow,2
3189,morsel,2
3198,mostaccioli,2
3199,mostarda,2
3203,moulade,2
3215,much,2
3235,muscovado,2
3241,must,2
3244,mutabal,2
3246,mutsu,2
3254,nabisco,2
3260,nano,2
3269,naturel,2
3289,negra,2
3300,net,2
3312,ngrated,2
3328,nonalcoholic,2
3342,noo,2
3356,nothing,2
3357,nova,2
3358,now,2
3372,nutri,2
3384,oblong,2
3400,oily,2
3404,okay,2
3444,orcebollita,2
3446,ordered,2
3450,oregon,2
3455,organicjuiceusa,2
3462,oroshiepi,2
3481,ouncesroast,2
3497,overproces,2
3498,overproof,2
3499,overripe,2
3500,oversize,2
3539,panco,2
3540,panda,2
3543,paneer,2
3553,paperpanettone,2
3559,parboiled,2
3565,parisienne,2
3577,partial,2
3579,particl,2
3586,passata,2
3595,pastina,2
3603,patak,2
3604,patience,2
3608,patty,2
3623,pectoral,2
3634,pellegrino,2
3641,penzey,2
3642,pepato,2
3649,peppar,2
3658,peppersl,2
3660,pequin,2
3669,perilla,2
3670,periwinkl,2
3695,pi,2
3698,picada,2
3699,picante,2
3704,pickapeppa,2
3715,piecrust,2
3729,pilot,2
3738,pinapple,2
3739,pinbon,2
3744,pinhead,2
3756,pisco,2
3761,pitcher,2
3774,planning,2
3788,plugr,2
3794,plunged,2
3805,poi,2
3813,polish,2
3818,pomegranat,2
3821,pommery,2
3823,pompano,2
3846,portobellini,2
3851,post,2
3859,poun,2
3862,pounder,2
3866,pourable,2
3873,powerful,2
3893,preheat,2
3898,preparation,2
3899,prepare,2
3908,presliced,2
3917,pricked,2
3918,prickly,2
3934,pronounced,2
3942,protective,2
3945,provencal,2
3963,pulse,2
3983,pushed,2
3990,quaker,2
3993,quantity,2
3994,quark,2
3998,quarterd,2
4006,quemada,2
4007,quesadilla,2
4026,rag,2
4036,ram,2
4046,rani,2
4048,rapeseed,2
4054,rasher,2
4058,rasplike,2
4061,rau,2
4065,razor,2
4078,recipehazelnut,2
4086,recipespastry,2
4091,rectangle,2
4099,reduction,2
4101,refined,2
4103,refresher,2
4111,regional,2
4139,required,2
4141,resembl,2
4153,retained,2
4165,riblet,2
4166,ricard,2
4171,rickey,2
4184,rimming,2
4186,rindles,2
4190,rioja,2
4198,ritif,2
4215,rockweed,2
4217,rod,2
4220,rojo,2
4224,roller,2
4228,roman,2
4229,romanesco,2
4232,romesco,2
4244,rossa,2
4251,rough,2
4267,ruffled,2
4274,runny,2
4306,salicornia,2
4308,salmonella,2
4311,salsify,2
4317,salting,2
4319,salumi,2
4320,sambaar,2
4331,sangiovese,2
4334,santo,2
4336,sapphire,2
4353,saucisson,2
4358,sauteing,2
4364,saved,2
4369,savoryspiceshop,2
4400,scottish,2
4401,scrambled,2
4422,seca,2
4451,semicircl,2
4455,semisoft,2
4478,sevruga,2
4500,shaping,2
4516,shelf,2
4519,shellfish,2
4530,shiraz,2
4534,shitake,2
4535,shocked,2
4541,shopped,2
4542,shopping,2
4571,sided,2
4572,sierra,2
4578,sifting,2
4587,silverware,2
4589,similarly,2
4590,simmer,2
4591,simmering,2
4593,simply,2
4598,sister,2
4606,siz,2
4609,skate,2
4610,skein,2
4612,skewered,2
4624,skordalia,2
4637,slight,2
4645,slivovitz,2
4649,slowly,2
4656,smell,2
4665,smoking,2
4689,soften,2
4705,somewhat,2
4708,sooji,2
4719,souchong,2
4729,southwestern,2
4733,soymilk,2
4741,spatchcock,2
4742,spatchcocked,2
4769,spiralized,2
4776,spongecake,2
4780,spooned,2
4782,spot,2
4789,spreadable,2
4794,springwater,2
4801,spritzer,2
4806,spumante,2
4821,stabilizing,2
4822,stable,2
4842,steam,2
4845,steaming,2
4853,sterile,2
4864,stiff,2
4870,stirring,2
4872,stocked,2
4877,stoned,2
4878,stop,2
4882,storebought,2
4895,streaky,2
4896,streaming,2
4899,streusel,2
4908,stronger,2
4911,strudel,2
4916,studding,2
4930,substitution,2
4943,sugarwork,2
4944,suggest,2
4945,suggested,2
4947,suji,2
4956,sunday,2
4966,supper,2
4971,supr,2
4978,swad,2
4980,swedish,2
4983,sweetbread,2
4985,sweetener,2
4987,sweetnes,2
4988,swirl,2
4993,syrian,2
4995,syrupepi,2
4998,szechwan,2
5003,tabbouleh,2
5006,tablecloth,2
5008,tablepsoon,2
5013,tablespoona,2
5018,tablespoonsgremolata,2
5031,tahina,2
5043,tamarillo,2
5060,tapestry,2
5063,taramasalata,2
5082,taylor,2
5092,teasoon,2
5095,teaspoonfenugreek,2
5098,tecate,2
5111,tenni,2
5118,terry,2
5119,tespoon,2
5123,texmati,2
5140,thespicehouse,2
5154,thing,2
5197,tit,2
5201,toaster,2
5205,tobiko,2
5219,tom,2
5220,tomalley,2
5237,torani,2
5240,torpedo,2
5244,tortiglioni,2
5257,tournedo,2
5260,toxic,2
5261,tr,2
5269,transparent,2
5274,trenette,2
5281,tricked,2
5282,tricolor,2
5295,true,2
5301,trussed,2
5311,tuber,2
5318,tumeric,2
5329,turned,2
5331,turning,2
5333,turnover,2
5341,twig,2
5347,typ,2
5367,unblemished,2
5384,unhulled,2
5387,uniform,2
5398,unrolled,2
5403,unshucked,2
5404,unsifted,2
5406,unslated,2
5416,untied,2
5422,upholstery,2
5424,upper,2
5428,us,2
5432,usli,2
5442,valencia,2
5451,vareniki,2
5453,varieti,2
5461,vegenaise,2
5466,veggie,2
5468,velout,2
5488,vialone,2
5490,victoria,2
5492,video,2
5498,viko,2
5506,vinegary,2
5517,vital,2
5523,vsop,2
5526,waffl,2
5545,watch,2
5553,wavy,2
5555,waxed,2
5570,weighed,2
5574,weisswurst,2
5577,west,2
5581,whacked,2
5584,wheatmeal,2
5586,when,2
5591,whip,2
5607,wholemeal,2
5620,wilted,2
5621,wilton,2
5650,worth,2
5656,wrinkled,2
5675,yellowtail,2
5682,yorkshire,2
5699,zero,2
1,aalborg,1
2,aaron,1
3,aattachment,1
6,abruzzo,1
7,absente,1
10,absolutely,1
11,abuelita,1
13,acceptable,1
14,accepted,1
19,aceto,1
20,ache,1
23,acidity,1
24,acidulated,1
35,additiv,1
36,additive,1
38,adjust,1
42,adn,1
44,adriana,1
46,adriatic,1
47,advance,1
48,advise,1
49,aerosol,1
58,aglianico,1
59,agricole,1
60,agridulce,1
61,agur,1
66,air,1
77,albari,1
79,alcoholic,1
80,alder,1
84,alfonse,1
85,alfonso,1
88,alkalized,1
94,almondstoasted,1
99,alouette,1
100,alphonso,1
103,alt,1
105,alternating,1
110,amandine,1
115,amaro,1
117,amazu,1
118,amba,1
120,ambert,1
121,ame,1
124,among,1
126,amore,1
128,ample,1
130,analog,1
134,ancon,1
136,andbourbon,1
137,andgizzard,1
141,anejo,1
142,anemic,1
145,angelino,1
146,angelo,1
152,aniseflavored,1
155,ann,1
158,anson,1
161,aol,1
162,aosta,1
164,aperitif,1
167,appealing,1
168,appear,1
180,apron,1
185,ardbeg,1
189,ariel,1
190,aril,1
191,arirangkimchee,1
192,arkansa,1
196,arnei,1
199,arrange,1
200,arrop,1
201,arrowhead,1
203,art,1
204,artagnan,1
213,asado,1
215,asafoetida,1
216,asakusa,1
226,assembling,1
227,assembly,1
228,assertive,1
233,atlantic,1
234,ato,1
235,atroom,1
238,aubergine,1
239,aunt,1
241,austrian,1
242,auvergne,1
245,average,1
246,averagesized,1
249,avruga,1
251,aziki,1
255,bacalao,1
258,bachelor,1
262,backfin,1
266,bagful,1
272,bailey,1
273,baja,1
277,bakeri,1
281,bal,1
283,balcon,1
285,baller,1
286,balloon,1
288,balsam,1
290,balsamico,1
291,balsmic,1
296,banane,1
297,band,1
300,baobab,1
303,barbecued,1
305,barding,1
308,bark,1
314,bartenura,1
319,bash,1
325,baste,1
328,batard,1
329,batata,1
335,bayonne,1
337,bdmp,1
339,bear,1
341,bearded,1
349,becom,1
354,beefeater,1
361,beginning,1
362,begonia,1
364,bel,1
365,belacan,1
369,bellflower,1
371,belon,1
377,bengal,1
381,benton,1
384,berkshire,1
388,beryl,1
389,besan,1
390,besciamella,1
392,betel,1
399,bianco,1
403,bicolored,1
405,bigeye,1
406,bind,1
407,binding,1
410,bisco,1
411,biscoff,1
416,bistro,1
421,bittermen,1
423,blacan,1
427,blackcurrant,1
428,blacked,1
429,blackfish,1
433,bladed,1
438,bland,1
439,blanton,1
444,blending,1
445,bleu,1
446,bleuet,1
447,bli,1
449,blini,1
452,blond,1
453,blonde,1
456,bloody,1
459,blowfish,1
460,blown,1
470,bobby,1
474,bock,1
478,boi,1
481,boiler,1
484,bol,1
485,bolet,1
487,bomba,1
490,bonded,1
494,boniato,1
498,bonny,1
499,bony,1
501,boquer,1
502,borage,1
505,borlotto,1
506,born,1
507,borscht,1
508,bos,1
510,bose,1
518,bouchon,1
522,boule,1
523,boulevard,1
524,boullion,1
526,bouquetgarni,1
528,boursault,1
532,bowlful,1
533,bowtie,1
535,boxed,1
539,braciole,1
540,bracken,1
543,brais,1
544,braise,1
546,braiser,1
552,brandade,1
553,brandi,1
556,brandywine,1
557,branzini,1
561,brawny,1
562,brazil,1
563,brazilian,1
564,brea,1
567,breadcumb,1
569,break,1
574,breastbone,1
585,brillat,1
595,bristle,1
596,british,1
598,brizard,1
599,broad,1
606,broncbuster,1
607,bronze,1
609,brooklyn,1
610,broom,1
616,browni,1
617,brownie,1
627,bubblegum,1
630,bucket,1
649,burgundi,1
653,burnt,1
656,burst,1
662,butte,1
664,butterball,1
669,butterfat,1
672,butterfly,1
680,buxton,1
682,cabbag,1
684,cabello,1
688,cacere,1
690,caciocavallo,1
701,calabrese,1
703,calamansi,1
709,californian,1
712,callaloo,1
720,camargue,1
721,cambazola,1
725,campanelli,1
726,campania,1
728,campbell,1
730,canada,1
732,canal,1
733,canard,1
734,canary,1
737,candle,1
742,canestriped,1
744,cannedlow,1
746,canner,1
749,cannonau,1
750,cannot,1
755,canteloupe,1
757,cantonese,1
758,canva,1
759,caol,1
762,capelletti,1
763,capelli,1
766,caperberri,1
767,capocollo,1
777,caravan,1
780,carbonated,1
783,card,1
786,cardoon,1
789,cargamanto,1
791,caribe,1
796,carom,1
800,carr,1
806,casa,1
809,cascabel,1
811,casera,1
814,cask,1
815,cassarecce,1
818,cassia,1
820,castelfranco,1
822,castelluccio,1
823,castelmagno,1
824,castelrosso,1
827,casting,1
828,catalan,1
829,catalogue,1
830,catamount,1
834,cattle,1
835,caught,1
839,cavatapi,1
847,cebolla,1
848,cecco,1
849,ceci,1
854,cellentani,1
857,cemita,1
861,central,1
862,cep,1
866,certified,1
867,certo,1
871,chabi,1
872,chabrin,1
874,chacherie,1
886,chaokoh,1
890,charcuterie,1
894,charleston,1
895,charlotte,1
900,chatham,1
906,chee,1
907,cheek,1
911,cheez,1
914,chenel,1
916,cheong,1
917,cher,1
918,cherie,1
924,cherrywood,1
925,cherub,1
942,chiffon,1
948,chilesin,1
952,chilledchinese,1
954,chimay,1
955,chimayo,1
963,chipolata,1
967,chipped,1
968,chitarra,1
969,chiu,1
972,chlorinated,1
973,choclo,1
975,chocolaty,1
980,chong,1
981,chooped,1
987,choppedchayote,1
991,chouri,1
997,chrystal,1
1002,chun,1
1008,cigar,1
1009,cilanto,1
1011,cima,1
1015,cippoline,1
1016,cipriani,1
1018,circle,1
1019,circular,1
1020,citarella,1
1021,citric,1
1031,classico,1
1033,clay,1
1040,clerk,1
1041,click,1
1043,cloak,1
1045,close,1
1049,clotted,1
1050,cloudy,1
1054,cloverleaf,1
1064,coarsly,1
1068,coax,1
1070,cobasan,1
1071,coca,1
1072,cock,1
1078,cocozelle,1
1080,coddler,1
1081,codfish,1
1082,coeur,1
1085,coho,1
1092,colatura,1
1099,collin,1
1101,colombard,1
1104,colorado,1
1119,complement,1
1120,complete,1
1124,compound,1
1126,comte,1
1131,concern,1
1133,conchiglie,1
1140,connect,1
1144,consisting,1
1146,contact,1
1151,contessa,1
1152,continental,1
1153,continue,1
1157,cookedbutterflied,1
1165,cooler,1
1171,coral,1
1176,corinth,1
1181,corncob,1
1191,cortland,1
1193,cotechino,1
1196,cotswold,1
1197,cotta,1
1204,countrystyle,1
1206,coupler,1
1209,courvoisier,1
1212,cov,1
1213,cove,1
1218,cowgirl,1
1220,crabappl,1
1226,crackling,1
1234,crayfish,1
1235,crazy,1
1239,creamery,1
1241,creating,1
1242,credit,1
1246,cremino,1
1247,crenshaw,1
1252,crescenza,1
1254,crinkly,1
1255,criollo,1
1257,crispbread,1
1258,crisped,1
1259,crispin,1
1260,crisply,1
1264,croaker,1
1271,crosshatch,1
1272,crossway,1
1280,crumbl,1
1283,crumbledblue,1
1284,crumbledcorn,1
1285,crumbly,1
1291,crustacean,1
1292,crusted,1
1300,cubanell,1
1304,cucmber,1
1306,culantro,1
1308,cultur,1
1310,cumberland,1
1314,cupagar,1
1315,cupc,1
1316,cupcak,1
1317,cupcassi,1
1318,cupchicken,1
1319,cupchile,1
1320,cupdill,1
1321,cupgingered,1
1322,cupgriddled,1
1325,cupoloroso,1
1326,cuppanko,1
1327,cupquinoa,1
1329,cupschicken,1
1331,cupsespagnole,1
1333,cupsimple,1
1334,cupsmexican,1
1336,cupsparty,1
1337,cupspickling,1
1338,cupsrich,1
1341,cupsveal,1
1342,cupswinter,1
1343,cupturkey,1
1351,curling,1
1356,curve,1
1357,curved,1
1363,cuttlefish,1
1364,cypres,1
1365,d,1
1366,dacquoise,1
1367,dai,1
1370,dake,1
1371,dakin,1
1373,damaged,1
1379,daniele,1
1381,dar,1
1382,dariole,1
1385,darning,1
1391,daun,1
1394,dean,1
1398,decide,1
1399,deckle,1
1407,deepfrying,1
1408,deeply,1
1411,deglazing,1
1413,degre,1
1414,degreased,1
1418,delicaci,1
1421,delicately,1
1424,deluca,1
1428,demitasse,1
1432,denuded,1
1435,depend,1
1436,dependably,1
1438,deposit,1
1439,desalinate,1
1440,deschut,1
1442,desert,1
1444,desilked,1
1448,detached,1
1449,detail,1
1452,devonshire,1
1453,dhal,1
1462,die,1
1467,dijonnaise,1
1469,dillon,1
1480,direct,1
1483,directly,1
1484,dirty,1
1485,disagreeable,1
1497,dissolving,1
1501,diy,1
1502,do,1
1504,doesn,1
1506,dogfish,1
1507,doily,1
1509,dolcelatte,1
1511,dollar,1
1514,dominican,1
1516,done,1
1517,donenes,1
1518,dong,1
1520,donot,1
1521,doon,1
1523,dopiaza,1
1525,dorade,1
1526,dory,1
1527,dot,1
1528,dou,1
1530,doublepeeled,1
1533,doul,1
1534,doux,1
1535,dover,1
1539,draft,1
1540,drag,1
1542,drainage,1
1544,dramatic,1
1545,drambuie,1
1546,draught,1
1547,drawn,1
1559,drmcdougall,1
1562,drum,1
1564,drummett,1
1566,drunken,1
1568,drying,1
1569,dryroasted,1
1573,due,1
1574,duero,1
1577,dukkah,1
1580,dung,1
1582,dunlop,1
1584,during,1
1585,durkee,1
1592,dwarf,1
1593,dye,1
1596,eagle,1
1602,earthy,1
1604,easiest,1
1605,easily,1
1609,eat,1
1614,edenfood,1
1620,eggles,1
1623,eggshell,1
1624,egrave,1
1633,element,1
1634,eleven,1
1638,email,1
1639,emergo,1
1640,emeril,1
1641,emilio,1
1642,emillion,1
1643,emmental,1
1646,emmenthaler,1
1647,emon,1
1649,emperor,1
1654,enclose,1
1658,england,1
1663,enthusiast,1
1664,entilde,1
1671,epic,1
1672,epicuriou,1
1674,equally,1
1676,equi,1
1680,erawan,1
1682,escab,1
1684,escolar,1
1685,especial,1
1693,estate,1
1695,ethnic,1
1696,ethnicgrocer,1
1697,etorki,1
1703,every,1
1704,everything,1
1705,evoo,1
1707,excellence,1
1712,exhibit,1
1718,extact,1
1719,exterior,1
1720,external,1
1721,extinguisher,1
1725,extrasharp,1
1726,extravirgin,1
1728,ey,1
1731,fah,1
1732,fairly,1
1736,falo,1
1738,famou,1
1742,farfalline,1
1744,farfel,1
1762,featherweight,1
1768,female,1
1769,femur,1
1770,fen,1
1772,fentiman,1
1778,ferula,1
1780,fetta,1
1783,fever,1
1786,ficelle,1
1789,fideu,1
1790,fiery,1
1791,fifteen,1
1798,filler,1
1806,finally,1
1811,finemesh,1
1812,finest,1
1818,finnish,1
1820,finochionna,1
1821,fiorentini,1
1823,firefly,1
1824,fireplace,1
1825,fireproof,1
1831,fistful,1
1840,flame,1
1846,flash,1
1847,flask,1
1854,flauta,1
1859,flavorles,1
1862,fleck,1
1866,fleshly,1
1873,florist,1
1879,flowerlet,1
1880,flowerpot,1
1884,flushed,1
1887,flying,1
1891,fog,1
1894,fold,1
1904,force,1
1906,ford,1
1907,fordhook,1
1908,forelle,1
1913,formaggio,1
1917,fortrimmed,1
1922,fourme,1
1924,fourth,1
1928,frai,1
1929,frais,1
1930,fraise,1
1933,franc,1
1937,frascati,1
1938,fraser,1
1939,frederick,1
1942,freestone,1
1945,fregola,1
1946,freixenet,1
1949,frencher,1
1955,freshy,1
1956,fresia,1
1959,fribourgeoi,1
1960,frico,1
1962,friend,1
1963,frijol,1
1964,frika,1
1967,frita,1
1968,frito,1
1972,froma,1
1977,frontera,1
1978,frontier,1
1989,fuerte,1
1999,futonaga,1
2003,gaga,1
2007,galett,1
2009,galliano,1
2016,garashi,1
2018,garbanz,1
2020,garden,1
2021,gardenia,1
2022,garganelli,1
2024,garland,1
2025,garli,1
2032,garnsih,1
2034,gathered,1
2035,gauge,1
2036,gazpacho,1
2038,gel,1
2042,gelled,1
2048,gentle,1
2050,ger,1
2062,giardiniera,1
2065,gigi,1
2067,gigonda,1
2069,gimignano,1
2074,gingerv,1
2075,gioi,1
2077,girolle,1
2090,glen,1
2095,glucose,1
2100,gnocchetti,1
2104,goblet,1
2112,goldleafcompany,1
2115,gooseberri,1
2116,gordon,1
2125,grady,1
2141,grapao,1
2147,grasshopper,1
2148,grat,1
2152,gratiam,1
2164,greg,1
2180,gritty,1
2181,gro,1
2183,grocer,1
2184,groceri,1
2186,grolsch,1
2189,grove,1
2190,grown,1
2191,gruet,1
2200,guerande,1
2201,guindilla,1
2206,gumbo,1
2207,gumdrop,1
2208,gummi,1
2209,gundilla,1
2211,guru,1
2216,gyromitre,1
2221,hachiya,1
2225,haiga,1
2226,hainsworth,1
2229,halen,1
2232,hall,1
2242,hamersley,1
2244,han,1
2247,handfull,1
2249,handl,1
2251,handled,1
2252,handling,1
2260,haricort,1
2265,harp,1
2270,hau,1
2274,hawayei,1
2275,hawayij,1
2278,headles,1
2291,hecker,1
2294,hefeweizen,1
2295,heinekin,1
2297,heir,1
2299,hell,1
2303,hemispherical,1
2310,herbsaint,1
2313,hero,1
2314,herradura,1
2317,herzog,1
2320,hierba,1
2322,highest,1
2324,hill,1
2325,hillshire,1
2326,him,1
2329,hip,1
2337,hojiblanca,1
2341,hole,1
2342,holed,1
2348,holy,1
2358,honeynut,1
2359,honing,1
2360,honshimeji,1
2362,hoop,1
2363,hoppin,1
2364,hoppy,1
2365,horizontal,1
2369,horticultural,1
2370,hose,1
2375,hotter,1
2386,humboldt,1
2389,hunza,1
2391,hush,1
2394,hydro,1
2396,hyssop,1
2397,ian,1
2401,iceburg,1
2403,ich,1
2406,ida,1
2408,ideal,1
2409,ideally,1
2410,idiaz,1
2412,ila,1
2414,immediately,1
2415,imp,1
2419,inadobo,1
2422,inchesand,1
2423,inchthick,1
2424,inchwell,1
2425,inchwide,1
2426,incision,1
2427,include,1
2430,increase,1
2431,india,1
2433,indianblend,1
2434,indicat,1
2443,inhalf,1
2445,inna,1
2448,innermost,1
2452,insist,1
2453,inspir,1
2459,insulated,1
2461,intense,1
2462,intensely,1
2466,iodized,1
2467,iraty,1
2472,irregularly,1
2474,islay,1
2478,item,1
2481,jacob,1
2482,jacobsen,1
2491,jambon,1
2492,jan,1
2493,jane,1
2495,japape,1
2496,japon,1
2499,jarlsburg,1
2503,java,1
2507,jelli,1
2509,jello,1
2511,jemima,1
2512,jenkin,1
2515,jerry,1
2518,jewel,1
2519,jfg,1
2524,jim,1
2531,jordan,1
2533,joyva,1
2534,ju,1
2541,juilienned,1
2542,julep,1
2543,julia,1
2547,junior,1
2551,kad,1
2554,kahlu,1
2555,kai,1
2557,kal,1
2558,kalamanta,1
2562,kaolin,1
2565,kashi,1
2567,kasu,1
2573,keebler,1
2576,kefalot,1
2579,kellogg,1
2582,kent,1
2585,kern,1
2590,kewpie,1
2593,khakhra,1
2594,khem,1
2595,kick,1
2604,kindlin,1
2606,kingarthurflour,1
2607,kingfish,1
2608,kinh,1
2611,kirch,1
2613,kirsh,1
2614,kishke,1
2615,kiss,1
2616,kit,1
2618,kitchenmarket,1
2624,knocking,1
2626,knorr,1
2628,know,1
2630,knox,1
2633,koamart,1
2635,kochukaru,1
2636,kodiak,1
2638,koji,1
2641,kona,1
2644,koon,1
2646,kosari,1
2650,krazy,1
2651,kreplach,1
2652,kriek,1
2653,krino,1
2655,krupuk,1
2656,kuchela,1
2657,kugelhopf,1
2660,kumamoto,1
2661,kumara,1
2663,kumquatsepi,1
2664,kuri,1
2665,kuro,1
2666,kway,1
2670,lac,1
2673,lactose,1
2674,laden,1
2675,ladle,1
2679,lahvash,1
2680,laird,1
2684,lambrusco,1
2686,lancashire,1
2687,lange,1
2688,laphroaig,1
2691,larded,1
2692,larding,1
2697,largish,1
2705,latter,1
2706,laura,1
2710,lavosh,1
2713,lazy,1
2715,le,1
2716,lea,1
2725,leave,1
2729,lebkuchen,1
2730,lebneh,1
2731,lech,1
2738,legthwise,1
2740,lek,1
2746,lemonzest,1
2751,lenticchie,1
2754,lepicerie,1
2756,lesser,1
2757,let,1
2760,levain,1
2763,lever,1
2764,licor,1
2767,life,1
2772,lightweight,1
2773,liguria,1
2776,lil,1
2784,limonata,1
2792,lingonberri,1
2794,lingot,1
2798,linguini,1
2799,linie,1
2802,linseed,1
2810,lit,1
2835,longaniza,1
2838,loom,1
2847,lotu,1
2850,loup,1
2851,lour,1
2853,love,1
2856,lowering,1
2860,ltd,1
2861,lttle,1
2865,lumaconi,1
2869,lumpy,1
2870,luo,1
2871,luster,1
2874,lychee,1
2875,lyle,1
2880,maccheroncini,1
2882,mache,1
2884,machlin,1
2887,mackeson,1
2889,madagascar,1
2893,madr,1
2895,mae,1
2896,mafalde,1
2899,magnificent,1
2900,magpie,1
2902,maguey,1
2906,mahleb,1
2907,mahogany,1
2908,mai,1
2909,maida,1
2914,maison,1
2915,maitak,1
2917,maiz,1
2919,majoram,1
2928,malbec,1
2930,male,1
2933,malloreddu,1
2936,maltaise,1
2938,malteser,1
2940,mama,1
2941,man,1
2942,manage,1
2943,manageable,1
2946,mandarine,1
2950,manhattan,1
2956,manner,1
2966,marash,1
2967,maraska,1
2968,marbled,1
2974,margherita,1
2976,mariage,1
2977,marie,1
2981,mariner,1
2982,marionberri,1
2983,marjaram,1
2987,marker,1
2989,markethallfood,1
2991,marmellata,1
2997,marscapone,1
3000,martinelli,1
3001,martini,1
3002,mary,1
3003,maryland,1
3005,marzeh,1
3009,masarepa,1
3012,mash,1
3015,masking,1
3022,matchsticksize,1
3024,matsuhisa,1
3025,matsutak,1
3040,measur,1
3046,meatles,1
3049,medaglia,1
3050,medal,1
3052,media,1
3056,meduim,1
3058,mejhoul,1
3060,melinda,1
3061,melissa,1
3062,mellowest,1
3064,melt,1
3066,melting,1
3070,memphi,1
3071,menma,1
3073,mer,1
3078,mesa,1
3081,mesophilic,1
3091,mian,1
3097,midnight,1
3101,milanese,1
3102,milano,1
3105,mildest,1
3107,mililiter,1
3109,milkfat,1
3115,mimosa,1
3121,mined,1
3122,miner,1
3126,minimum,1
3127,minneola,1
3133,mirasol,1
3138,mitsuba,1
3146,mjang,1
3149,mock,1
3151,modena,1
3154,moistened,1
3155,moistening,1
3157,mojito,1
3160,molcajete,1
3165,monger,1
3166,mongetto,1
3167,monica,1
3169,monitor,1
3170,monkey,1
3173,montagne,1
3174,montalcino,1
3175,montasio,1
3177,monterrey,1
3180,moong,1
3182,moonshine,1
3187,morning,1
3193,moscatel,1
3195,mosel,1
3196,moselle,1
3200,mote,1
3201,mott,1
3202,mottled,1
3205,mound,1
3208,mousseron,1
3209,mouth,1
3210,move,1
3213,msc,1
3214,msg,1
3216,muddle,1
3217,muddler,1
3220,muir,1
3222,mulatto,1
3223,mulberri,1
3224,mullet,1
3229,murcott,1
3230,murrayscheese,1
3231,muscadet,1
3237,mush,1
3239,mushy,1
3242,mustar,1
3245,mutard,1
3247,mutton,1
3249,mymoun,1
3250,myzithra,1
3255,nacho,1
3259,nand,1
3262,napkin,1
3263,napol,1
3270,naughty,1
3273,nduja,1
3274,neal,1
3275,near,1
3276,neat,1
3284,needl,1
3287,needn,1
3288,negi,1
3290,neither,1
3291,nellie,1
3292,nely,1
3293,ner,1
3294,nera,1
3295,nerigoma,1
3297,nesquik,1
3299,nestl,1
3302,neufcha,1
3304,nevada,1
3306,newman,1
3307,newsom,1
3308,newspaper,1
3309,nez,1
3310,ngel,1
3311,ngot,1
3313,ngreen,1
3317,nigari,1
3320,ningbo,1
3321,nme,1
3322,nocello,1
3323,noche,1
3324,noilly,1
3333,nonino,1
3334,nonorganic,1
3339,nonsweet,1
3341,nonya,1
3346,nor,1
3350,northwest,1
3352,nosed,1
3355,noted,1
3359,npork,1
3361,nstore,1
3362,nsubstitute,1
3364,nto,1
3365,nueske,1
3367,number,1
3374,nutritiou,1
3375,nvermont,1
3378,oaky,1
3380,oatcak,1
3386,octopus,1
3387,ocute,1
3389,ofcorn,1
3393,ogo,1
3397,oilepi,1
3399,oilpacked,1
3402,oiv,1
3403,oka,1
3406,olallieberri,1
3408,oldmaple,1
3409,ole,1
3410,oleic,1
3411,olek,1
3416,olivenation,1
3417,olla,1
3419,omani,1
3420,omega,1
3422,omitted,1
3426,onetik,1
3430,oolong,1
3431,oonce,1
3433,oounce,1
3440,orache,1
3443,orangeliqueur,1
3447,ore,1
3451,oregonmushroom,1
3453,orflanken,1
3460,ornmeal,1
3461,oro,1
3463,orvieto,1
3464,orwhiting,1
3467,oso,1
3468,ososweet,1
3469,ossau,1
3471,ossobuco,1
3472,ostrich,1
3474,otherwise,1
3475,oumce,1
3479,ouncec,1
3480,ouncescavatappi,1
3482,ouncr,1
3483,ounnc,1
3490,ovalpie,1
3495,overly,1
3501,ovoline,1
3506,pabst,1
3513,packageenoki,1
3518,paddl,1
3520,paddlefish,1
3521,padr,1
3523,paese,1
3526,paintbrush,1
3528,pak,1
3530,palegreen,1
3532,pama,1
3534,panang,1
3541,pandan,1
3542,pane,1
3546,panfrying,1
3548,pansi,1
3549,papadum,1
3550,papalo,1
3556,pappadum,1
3560,parched,1
3562,pared,1
3566,park,1
3567,parlsey,1
3569,parmeasan,1
3571,parmigano,1
3580,particularly,1
3584,paskha,1
3585,pasley,1
3587,passed,1
3590,passionfruit,1
3596,pastourma,1
3598,pastri,1
3601,pasty,1
3606,pattern,1
3613,pealed,1
3620,pecorina,1
3624,pedro,1
3625,peeky,1
3633,pelargonium,1
3637,penn,1
3639,pennette,1
3640,pennsylvania,1
3644,peperonata,1
3655,pepperocini,1
3659,peppery,1
3663,perch,1
3666,perfection,1
3667,perfectly,1
3671,perlini,1
3672,permitting,1
3674,perrin,1
3696,piave,1
3700,piccante,1
3701,picholin,1
3716,pieepi,1
3722,pignoli,1
3723,pike,1
3725,pile,1
3726,pillow,1
3746,pinkerton,1
3747,pinkie,1
3751,pip,1
3754,piquante,1
3758,pistil,1
3765,pizzette,1
3769,placing,1
3771,plan,1
3777,plantation,1
3786,ploy,1
3789,plugra,1
3793,plunge,1
3803,podded,1
3804,poha,1
3807,pointer,1
3809,poisonou,1
3810,pole,1
3812,polentaepi,1
3816,pollock,1
3820,pomelo,1
3822,pomona,1
3824,pond,1
3826,pont,1
3831,poplar,1
3833,popped,1
3834,popper,1
3837,porcino,1
3842,portable,1
3849,posole,1
3852,posto,1
3857,pouligny,1
3863,poundrotelle,1
3864,poupon,1
3865,pour,1
3867,poured,1
3868,pouring,1
3872,powdery,1
3875,prague,1
3876,prairie,1
3877,pralin,1
3879,prat,1
3882,prebaked,1
3883,preced,1
3885,predominantly,1
3887,preferabbly,1
3891,preferrably,1
3894,preheating,1
3895,premade,1
3897,prepackaged,1
3905,preserve,1
3907,presidente,1
3909,presoaked,1
3911,pressing,1
3921,probe,1
3923,proccessor,1
3926,processed,1
3929,product,1
3930,profiterol,1
3931,progresso,1
3932,prong,1
3933,pronged,1
3936,proofing,1
3939,proscuitto,1
3941,protect,1
3944,proven,1
3947,provid,1
3948,provola,1
3952,prunelle,1
3953,psyllium,1
3954,ptitim,1
3955,puchased,1
3962,pulque,1
3969,pund,1
3970,punsch,1
3971,puppi,1
3977,purged,1
3980,purse,1
3982,purveyor,1
3984,pushpin,1
3987,puya,1
3988,quady,1
3991,qualiti,1
3996,quarted,1
4000,quartt,1
4001,quatered,1
4002,quatr,1
4004,que,1
4005,queen,1
4009,quiche,1
4014,quinine,1
4016,r,1
4018,raab,1
4024,radiccio,1
4029,rainier,1
4032,raising,1
4035,raki,1
4041,ranchero,1
4042,rande,1
4043,random,1
4045,ranging,1
4047,rapa,1
4052,rasberri,1
4053,rasberry,1
4059,rated,1
4062,ravigote,1
4067,reactive,1
4071,realfruit,1
4074,recao,1
4077,recipegnocchi,1
4079,recipelemon,1
4081,recipelinkand,1
4082,recipelinkor,1
4083,recipelinkpie,1
4084,reciperich,1
4085,recipesp,1
4094,redbell,1
4097,reduce,1
4100,reed,1
4107,refrigerating,1
4110,reggio,1
4113,regulating,1
4114,reheat,1
4115,reheated,1
4116,reheating,1
4117,rehrucken,1
4118,rehydrated,1
4119,reim,1
4122,remain,1
4126,remoulade,1
4131,renj,1
4132,rennet,1
4133,replacer,1
4134,replacing,1
4136,reputable,1
4138,require,1
4145,resh,1
4146,resin,1
4147,resourc,1
4150,resting,1
4152,resulting,1
4155,rey,1
4156,rhine,1
4159,riale,1
4161,ribbed,1
4163,ribbonlike,1
4164,ribera,1
4168,riced,1
4173,ridg,1
4176,rigata,1
4178,rigati,1
4180,right,1
4191,ripasso,1
4199,rittenhouse,1
4202,riz,1
4206,roaster,1
4208,robby,1
4210,roc,1
4211,rocco,1
4214,rockfish,1
4216,rocoto,1
4219,roero,1
4221,rok,1
4233,rondel,1
4234,rooibo,1
4239,rosa,1
4242,rosett,1
4243,rosewater,1
4250,rouget,1
4255,roulad,1
4256,roulade,1
4260,royale,1
4268,ruin,1
4271,run,1
4272,runnier,1
4275,rusk,1
4282,rzen,1
4286,sablefish,1
4287,sabra,1
4288,sachet,1
4295,sahadi,1
4296,saifun,1
4297,sailor,1
4299,sak,1
4302,salam,1
4304,salasa,1
4310,salsaepi,1
4316,saltines,1
4324,sami,1
4327,sandi,1
4330,sandy,1
4332,sansho,1
4337,sapporo,1
4338,sara,1
4339,sardi,1
4341,sardinian,1
4344,sarticiou,1
4346,sato,1
4352,saucisse,1
4360,sauterne,1
4362,savarin,1
4366,savoie,1
4367,savor,1
4371,saw,1
4374,say,1
4377,scalding,1
4384,scaloppine,1
4385,scamorza,1
4388,scattered,1
4389,scented,1
4399,scotia,1
4406,scratch,1
4407,screw,1
4412,seal,1
4424,seco,1
4428,secured,1
4430,securing,1
4431,sediment,1
4436,seedpaste,1
4437,seedpod,1
4438,seedsdiscarded,1
4439,seeker,1
4440,seen,1
4445,selected,1
4449,semiaged,1
4454,semiseet,1
4457,semola,1
4459,sen,1
4460,sendai,1
4466,seriously,1
4467,serpentini,1
4470,serrrano,1
4479,shad,1
4480,shado,1
4485,shaking,1
4488,shame,1
4489,shandong,1
4491,shanghainese,1
4493,shankles,1
4503,sharlyn,1
4505,sharpened,1
4506,sharpnes,1
4507,shave,1
4513,sheepherder,1
4514,sheepherding,1
4526,shim,1
4527,shimeji,1
4529,shipping,1
4536,shoe,1
4539,shootspea,1
4546,shortcrust,1
4549,shorter,1
4550,shortgrain,1
4551,shorting,1
4555,shovel,1
4559,shredding,1
4561,shrink,1
4562,shrub,1
4564,shungiku,1
4565,siberian,1
4568,sico,1
4574,sieved,1
4580,silicone,1
4585,silverside,1
4595,singl,1
4599,sit,1
4600,site,1
4601,siu,1
4605,sixty,1
4616,skimmer,1
4620,skinsv,1
4621,skip,1
4625,skyy,1
4627,slatted,1
4634,slices,1
4640,slipped,1
4641,slipper,1
4652,smallest,1
4653,smallish,1
4654,smarti,1
4657,smelt,1
4663,smoki,1
4664,smokin,1
4668,smoothly,1
4674,snapping,1
4677,snowcap,1
4678,snowflake,1
4686,sofra,1
4691,softer,1
4693,softshelled,1
4694,soggy,1
4695,soju,1
4699,solidify,1
4700,sombra,1
4703,something,1
4706,son,1
4707,sonoma,1
4709,soom,1
4711,sopressata,1
4713,sorbetto,1
4716,sorted,1
4717,sortil,1
4718,soubise,1
4722,soupspoon,1
4726,soursop,1
4731,soya,1
4736,spain,1
4738,spare,1
4748,specified,1
4750,spectrumorganic,1
4751,speculoo,1
4752,speed,1
4754,spencer,1
4755,spent,1
4756,sphinx,1
4760,spicier,1
4761,spicines,1
4763,spider,1
4766,spinachspaetzle,1
4771,spirulina,1
4777,spongy,1
4778,spontaneity,1
4781,spoonful,1
4783,spotted,1
4784,spotty,1
4785,spout,1
4787,spraying,1
4796,sprinkle,1
4797,sprinkled,1
4799,sprite,1
4800,spritz,1
4802,spritzing,1
4805,sprouting,1
4808,spy,1
4809,squab,1
4815,squeezing,1
4817,squirt,1
4819,stabilize,1
4820,stabilized,1
4824,stackable,1
4829,stalky,1
4830,stamen,1
4837,starfruit,1
4838,start,1
4840,starting,1
4847,steelhead,1
4848,steep,1
4861,sticking,1
4863,stico,1
4865,stiffly,1
4874,stolichnaya,1
4875,ston,1
4883,storing,1
4885,stove,1
4888,strain,1
4897,street,1
4904,stripe,1
4909,strongly,1
4912,strung,1
4913,stubb,1
4918,stuffer,1
4923,styled,1
4925,sub,1
4926,submarine,1
4927,substitut,1
4931,subtle,1
4932,sucanat,1
4935,sucker,1
4936,suckling,1
4937,sucr,1
4938,sucuk,1
4942,sugared,1
4946,suggestion,1
4948,sulfur,1
4949,sulmitti,1
4957,sundried,1
4959,sungold,1
4960,sunny,1
4961,sup,1
4967,supplement,1
4969,supplier,1
4972,suprem,1
4973,sur,1
4976,surimi,1
4990,swise,1
4999,szu,1
5001,tab,1
5009,tablesepoon,1
5010,tablespan,1
5011,tablespon,1
5014,tablespooncandied,1
5015,tablespoonsberbere,1
5016,tablespoonsclarified,1
5017,tablespoonsesame,1
5019,tablespoonsmirin,1
5020,tablespoonspine,1
5021,tablespoonssorghum,1
5022,tablespooon,1
5026,taggiasca,1
5027,tagliardi,1
5030,tagliolini,1
5035,taj,1
5036,tak,1
5037,takeout,1
5039,tam,1
5041,tamale,1
5045,tamazula,1
5046,tami,1
5047,tamicon,1
5048,tamp,1
5062,tar,1
5064,tarator,1
5065,tarbai,1
5066,tarde,1
5067,tardivo,1
5068,tarp,1
5075,tasted,1
5076,tastier,1
5078,tater,1
5080,taurasi,1
5086,teaaspoon,1
5087,teabag,1
5088,teacup,1
5093,teaspon,1
5096,teaspoonsra,1
5097,teaspooon,1
5104,template,1
5105,temple,1
5106,temptin,1
5115,terra,1
5116,terrific,1
5121,tester,1
5136,thenthinly,1
5144,thicken,1
5145,thickened,1
5146,thickener,1
5147,thickening,1
5149,thickish,1
5156,thinluy,1
5163,thouread,1
5164,thousand,1
5166,threaded,1
5167,threadlike,1
5171,thumbelina,1
5173,thymeepi,1
5178,tier,1
5182,tikka,1
5184,tile,1
5187,timbal,1
5189,timer,1
5192,tio,1
5194,tiparo,1
5195,tipped,1
5200,toastedcoarsely,1
5203,toban,1
5204,tobasco,1
5206,tobler,1
5207,today,1
5208,todd,1
5209,toe,1
5214,toi,1
5215,tojolote,1
5216,tokay,1
5217,tokyo,1
5218,tolerant,1
5221,tomate,1
5224,tomme,1
5225,tomyo,1
5232,toor,1
5235,topped,1
5241,torte,1
5246,tortue,1
5251,tot,1
5253,touch,1
5255,toulouse,1
5256,toum,1
5259,town,1
5262,trace,1
5265,tradizionale,1
5271,tre,1
5278,triangle,1
5280,trick,1
5283,tricolored,1
5284,trillado,1
5288,trip,1
5289,tripe,1
5290,tripel,1
5292,tripoline,1
5298,truffled,1
5300,truroot,1
5302,truth,1
5304,tsang,1
5305,tsatsiki,1
5307,ttablespoon,1
5312,tuberou,1
5314,tubettini,1
5316,tucked,1
5320,tung,1
5321,tuong,1
5322,tupelo,1
5330,turner,1
5334,turntable,1
5336,tvp,1
5340,twice,1
5344,twisted,1
5349,typically,1
5350,tzatziki,1
5352,uku,1
5355,ultracreamy,1
5360,unaged,1
5361,unappetizing,1
5364,unbeaten,1
5371,uncovered,1
5372,uncured,1
5373,uncut,1
5378,undyed,1
5381,unfolded,1
5382,unfrosted,1
5383,unglazed,1
5386,unhydrogenated,1
5389,unique,1
5390,unles,1
5391,unlike,1
5396,unrinsed,1
5401,unseeded,1
5405,unskinned,1
5410,unsulfered,1
5412,unsweeted,1
5413,unsweetend,1
5419,untreated,1
5423,upland,1
5425,upright,1
5435,utensil,1
5437,vaccuum,1
5438,vacherin,1
5440,vadouvan,1
5441,valde,1
5443,valentina,1
5444,vali,1
5445,valley,1
5446,valpolicella,1
5448,vandermint,1
5450,vanille,1
5456,vark,1
5460,vegatable,1
5465,veggi,1
5469,veltliner,1
5470,velvet,1
5473,ventr,1
5475,veracruz,1
5482,vernaccia,1
5486,vervain,1
5489,viande,1
5494,vienna,1
5496,view,1
5497,vigo,1
5501,vincotto,1
5503,vined,1
5505,vinegared,1
5507,vinegrar,1
5508,vingear,1
5509,vintage,1
5510,viognier,1
5515,visit,1
5516,vita,1
5520,vollrath,1
5521,volume,1
5522,vre,1
5524,wa,1
5529,wahoo,1
5531,walker,1
5535,war,1
5536,warabi,1
5539,warmer,1
5540,warqa,1
5544,waste,1
5549,waterpacked,1
5551,watery,1
5552,watrecres,1
5559,wearing,1
5560,weave,1
5561,web,1
5562,webstaurantstore,1
5563,wedding,1
5567,week,1
5568,weeknight,1
5569,weigh,1
5575,welch,1
5578,western,1
5587,where,1
5588,whey,1
5597,whisking,1
5603,whitlof,1
5604,whittled,1
5605,who,1
5608,wholemilk,1
5609,whopper,1
5610,wickedgoodcharcoal,1
5612,wider,1
5613,width,1
5614,widthwise,1
5615,wiener,1
5623,wineglas,1
5624,winery,1
5627,wingett,1
5633,wish,1
5638,wonder,1
5644,woodford,1
5647,worcesteshire,1
5649,worked,1
5651,would,1
5657,writ,1
5660,xim,1
5661,xocolatl,1
5662,xtabent,1
5663,xuxu,1
5664,xylitol,1
5665,yakari,1
5666,yakisoba,1
5668,yamasa,1
5669,yau,1
5670,yaut,1
5676,yemenite,1
5686,yourself,1
5689,yum,1
5690,yuyo,1
5692,zabaglione,1
5693,zansh,1
5696,zebra,1
5697,zereshk,1
5698,zerg,1
5702,zestepi,1
5704,zhoug,1
5707,zingerman,1
5709,zrbol,1
5711,zweiback,1
5712,zwieback,1
